time_s,power_W,operation_state,anomaly_label
0.0,428.171,idle,0
0.1,432.083,idle,0
0.2,419.942,idle,0
0.3,417.273,idle,0
0.4,411.809,idle,0
0.5,428.658,idle,0
0.6,415.88,idle,0
0.7,408.043,idle,0
0.8,417.85,idle,0
0.9,420.195,idle,0
1.0,426.66,idle,0
1.1,428.03,idle,0
1.2,414.152,idle,0
1.3,413.598,idle,0
1.4,417.375,idle,0
1.5,410.309,idle,0
1.6,419.122,idle,0
1.7,423.69,idle,0
1.8,420.343,idle,0
1.9,407.093,idle,0
2.0,410.463,idle,0
2.1,430.287,idle,0
2.2,411.893,idle,0
2.3,425.908,idle,0
2.4,425.056,idle,0
2.5,417.424,idle,0
2.6,412.024,idle,0
2.7,421.683,idle,0
2.8,412.911,idle,0
2.9,418.594,idle,0
3.0,420.848,idle,0
3.1,414.265,idle,0
3.2,418.185,idle,0
3.3,417.533,idle,0
3.4,410.116,idle,0
3.5,418.475,idle,0
3.6,414.902,idle,0
3.7,405.407,idle,0
3.8,417.298,idle,0
3.9,417.736,idle,0
4.0,415.161,idle,0
4.1,403.507,idle,0
4.2,426.209,idle,0
4.3,425.469,idle,0
4.4,425.204,idle,0
4.5,422.599,idle,0
4.6,409.945,idle,0
4.7,420.983,idle,0
4.8,412.579,idle,0
4.9,437.5,idle,0
5.0,415.835,idle,0
5.1,425.341,idle,0
5.2,407.58,idle,0
5.3,410.563,idle,0
5.4,415.708,idle,0
5.5,425.62,idle,0
5.6,424.381,idle,0
5.7,422.305,idle,0
5.8,405.168,idle,0
5.9,429.051,idle,0
6.0,412.591,idle,0
6.1,432.923,idle,0
6.2,434.929,idle,0
6.3,426.609,idle,0
6.4,427.907,idle,0
6.5,409.91,idle,0
6.6,440.648,idle,0
6.7,421.743,idle,0
6.8,427.998,idle,0
6.9,413.135,idle,0
7.0,419.48,idle,0
7.1,410.505,idle,0
7.2,418.081,idle,0
7.3,420.124,idle,0
7.4,422.047,idle,0
7.5,431.167,idle,0
7.6,423.847,idle,0
7.7,421.95,idle,0
7.8,420.308,idle,0
7.9,436.083,idle,0
8.0,415.367,idle,0
8.1,429.506,idle,0
8.2,404.31,idle,0
8.3,412.978,idle,0
8.4,423.284,idle,0
8.5,418.712,idle,0
8.6,444.059,idle,0
8.7,440.636,idle,0
8.8,407.847,idle,0
8.9,411.433,idle,0
9.0,418.864,idle,0
9.1,433.922,idle,0
9.2,429.094,idle,0
9.3,422.619,idle,0
9.4,408.685,idle,0
9.5,413.246,idle,0
9.6,398.531,idle,0
9.7,407.722,idle,0
9.8,423.43,idle,0
9.9,426.337,idle,0
10.0,404.391,ramp_up,0
10.1,433.34,ramp_up,0
10.2,463.562,ramp_up,0
10.3,458.01,ramp_up,0
10.4,464.377,ramp_up,0
10.5,487.398,ramp_up,0
10.6,498.389,ramp_up,0
10.7,505.027,ramp_up,0
10.8,509.635,ramp_up,0
10.9,522.968,ramp_up,0
11.0,541.145,ramp_up,0
11.1,545.47,ramp_up,0
11.2,580.059,ramp_up,0
11.3,586.778,ramp_up,0
11.4,601.115,ramp_up,0
11.5,624.395,ramp_up,0
11.6,631.013,ramp_up,0
11.7,641.081,ramp_up,0
11.8,640.513,ramp_up,0
11.9,645.744,ramp_up,0
12.0,687.669,ramp_up,0
12.1,663.971,ramp_up,0
12.2,676.62,ramp_up,0
12.3,685.62,ramp_up,0
12.4,710.639,ramp_up,0
12.5,725.072,ramp_up,0
12.6,744.409,ramp_up,0
12.7,741.351,ramp_up,0
12.8,735.24,ramp_up,0
12.9,771.872,ramp_up,0
13.0,791.737,ramp_up,0
13.1,792.43,ramp_up,0
13.2,802.447,ramp_up,0
13.3,822.799,ramp_up,0
13.4,845.241,ramp_up,0
13.5,839.255,ramp_up,0
13.6,835.006,ramp_up,0
13.7,857.274,ramp_up,0
13.8,874.057,ramp_up,0
13.9,866.433,ramp_up,0
14.0,909.275,ramp_up,0
14.1,902.83,ramp_up,0
14.2,930.133,ramp_up,0
14.3,938.37,ramp_up,0
14.4,944.299,ramp_up,0
14.5,979.566,ramp_up,0
14.6,965.29,ramp_up,0
14.7,975.955,ramp_up,0
14.8,999.538,ramp_up,0
14.9,1018.094,ramp_up,0
15.0,1019.985,cutting,0
15.1,970.769,cutting,0
15.2,1017.277,cutting,0
15.3,1007.278,cutting,0
15.4,1058.281,cutting,0
15.5,983.999,cutting,0
15.6,1010.643,cutting,0
15.7,997.988,cutting,0
15.8,980.836,cutting,0
15.9,1048.168,cutting,0
16.0,1083.082,cutting,0
16.1,1019.284,cutting,0
16.2,1025.951,cutting,0
16.3,997.633,cutting,0
16.4,1071.338,cutting,0
16.5,987.045,cutting,0
16.6,1016.35,cutting,0
16.7,957.204,cutting,0
16.8,987.715,cutting,0
16.9,967.446,cutting,0
17.0,917.266,cutting,0
17.1,1016.168,cutting,0
17.2,1047.177,cutting,0
17.3,969.377,cutting,0
17.4,1045.563,cutting,0
17.5,1039.862,cutting,0
17.6,1013.931,cutting,0
17.7,1033.514,cutting,0
17.8,960.816,cutting,0
17.9,1022.213,cutting,0
18.0,1040.939,cutting,0
18.1,945.171,cutting,0
18.2,982.779,cutting,0
18.3,1037.345,cutting,0
18.4,1000.325,cutting,0
18.5,991.034,cutting,0
18.6,992.517,cutting,0
18.7,1044.979,cutting,0
18.8,1044.908,cutting,0
18.9,1076.829,cutting,0
19.0,1000.077,cutting,0
19.1,1083.211,cutting,0
19.2,1018.759,cutting,0
19.3,1040.293,cutting,0
19.4,977.853,cutting,0
19.5,946.255,cutting,0
19.6,965.774,cutting,0
19.7,952.697,cutting,0
19.8,979.918,cutting,0
19.9,1027.774,cutting,0
20.0,1057.757,cutting,0
20.1,1042.028,cutting,0
20.2,1028.05,cutting,0
20.3,1038.104,cutting,0
20.4,1075.108,cutting,0
20.5,1088.084,cutting,0
20.6,1025.554,cutting,0
20.7,1017.805,cutting,0
20.8,980.809,cutting,0
20.9,1001.725,cutting,0
21.0,1020.203,cutting,0
21.1,883.575,cutting,0
21.2,999.39,cutting,0
21.3,981.972,cutting,0
21.4,934.137,cutting,0
21.5,1041.794,cutting,0
21.6,1040.826,cutting,0
21.7,1065.469,cutting,0
21.8,1007.12,cutting,0
21.9,1125.471,cutting,0
22.0,1044.446,cutting,0
22.1,1014.55,cutting,0
22.2,1064.642,cutting,0
22.3,1020.52,cutting,0
22.4,1017.482,cutting,0
22.5,1025.713,cutting,0
22.6,915.825,cutting,0
22.7,1056.117,cutting,0
22.8,999.14,cutting,0
22.9,1036.55,cutting,0
23.0,1072.871,cutting,0
23.1,1025.74,cutting,0
23.2,1066.058,cutting,0
23.3,1079.243,cutting,0
23.4,1042.495,cutting,0
23.5,1048.128,cutting,0
23.6,959.406,cutting,0
23.7,959.523,cutting,0
23.8,950.192,cutting,0
23.9,998.264,cutting,0
24.0,1117.714,cutting,0
24.1,1003.685,cutting,0
24.2,1001.94,cutting,0
24.3,1019.94,cutting,0
24.4,1071.276,cutting,0
24.5,1073.302,cutting,0
24.6,1014.243,cutting,0
24.7,1089.496,cutting,0
24.8,1046.13,cutting,0
24.9,1063.568,cutting,0
25.0,950.035,cutting,0
25.1,950.683,cutting,0
25.2,1013.922,cutting,0
25.3,923.075,cutting,0
25.4,999.262,cutting,0
25.5,1003.519,cutting,0
25.6,1008.238,cutting,0
25.7,1030.245,cutting,0
25.8,1042.177,cutting,0
25.9,1061.173,cutting,0
26.0,1039.067,cutting,0
26.1,1053.958,cutting,0
26.2,1152.08,cutting,0
26.3,1078.545,cutting,0
26.4,1045.812,cutting,0
26.5,1022.914,cutting,0
26.6,970.576,cutting,0
26.7,995.396,cutting,0
26.8,976.427,cutting,0
26.9,1022.442,cutting,0
27.0,967.398,cutting,0
27.1,930.735,cutting,0
27.2,1009.09,cutting,0
27.3,1066.696,cutting,0
27.4,1137.728,cutting,0
27.5,1090.888,cutting,0
27.6,1017.419,cutting,0
27.7,1034.643,cutting,0
27.8,995.421,cutting,0
27.9,1006.905,cutting,0
28.0,968.022,cutting,0
28.1,931.788,cutting,0
28.2,1000.63,cutting,0
28.3,994.306,cutting,0
28.4,990.064,cutting,0
28.5,1021.303,cutting,0
28.6,1095.553,cutting,0
28.7,1042.851,cutting,0
28.8,1036.307,cutting,0
28.9,1085.04,cutting,0
29.0,995.822,cutting,0
29.1,1071.891,cutting,0
29.2,1005.775,cutting,0
29.3,989.218,cutting,0
29.4,1006.987,cutting,0
29.5,1050.217,cutting,0
29.6,959.529,cutting,0
29.7,1019.437,cutting,0
29.8,1006.256,cutting,0
29.9,956.416,cutting,0
30.0,1052.068,cutting,0
30.1,1005.985,cutting,0
30.2,995.511,cutting,0
30.3,1026.2,cutting,0
30.4,1028.932,cutting,0
30.5,1069.037,cutting,0
30.6,1011.245,cutting,0
30.7,1074.469,cutting,0
30.8,1014.858,cutting,0
30.9,969.337,cutting,0
31.0,957.507,cutting,0
31.1,993.251,cutting,0
31.2,919.411,cutting,0
31.3,925.06,cutting,0
31.4,984.645,cutting,0
31.5,1052.854,cutting,0
31.6,1050.23,cutting,0
31.7,1053.303,cutting,0
31.8,1047.444,cutting,0
31.9,974.455,cutting,0
32.0,1029.191,cutting,0
32.1,964.43,cutting,0
32.2,1040.522,cutting,0
32.3,997.384,cutting,0
32.4,985.186,cutting,0
32.5,998.959,cutting,0
32.6,999.629,cutting,0
32.7,1005.825,cutting,0
32.8,1023.473,cutting,0
32.9,1005.94,cutting,0
33.0,993.833,cutting,0
33.1,1062.621,cutting,0
33.2,1105.551,cutting,0
33.3,1087.944,cutting,0
33.4,1036.462,cutting,0
33.5,1052.241,cutting,0
33.6,1000.21,cutting,0
33.7,1014.704,cutting,0
33.8,969.175,cutting,0
33.9,990.192,cutting,0
34.0,1056.804,cutting,0
34.1,1021.522,cutting,0
34.2,1059.565,cutting,0
34.3,995.126,cutting,0
34.4,1012.848,cutting,0
34.5,1046.931,cutting,0
34.6,1073.866,cutting,0
34.7,1046.601,cutting,0
34.8,1082.434,cutting,0
34.9,1015.634,cutting,0
35.0,1067.605,cutting,0
35.1,1038.99,cutting,0
35.2,953.979,cutting,0
35.3,1006.503,cutting,0
35.4,977.78,cutting,0
35.5,1027.342,cutting,0
35.6,984.324,cutting,0
35.7,1028.691,cutting,0
35.8,1051.984,cutting,0
35.9,949.128,cutting,0
36.0,987.477,cutting,0
36.1,1059.2,cutting,0
36.2,1045.127,cutting,0
36.3,1074.305,cutting,0
36.4,1032.296,cutting,0
36.5,964.702,cutting,0
36.6,1007.53,cutting,0
36.7,961.191,cutting,0
36.8,977.033,cutting,0
36.9,971.512,cutting,0
37.0,1011.627,cutting,0
37.1,963.676,cutting,0
37.2,989.495,cutting,0
37.3,964.459,cutting,0
37.4,1126.706,cutting,0
37.5,1020.038,cutting,0
37.6,1021.434,cutting,0
37.7,1001.887,cutting,0
37.8,1006.148,cutting,0
37.9,998.091,cutting,0
38.0,1020.936,cutting,0
38.1,995.486,cutting,0
38.2,996.558,cutting,0
38.3,966.77,cutting,0
38.4,993.476,cutting,0
38.5,1051.797,cutting,0
38.6,1023.585,cutting,0
38.7,1049.451,cutting,0
38.8,978.506,cutting,0
38.9,1072.801,cutting,0
39.0,1062.31,cutting,0
39.1,1090.578,cutting,0
39.2,936.537,cutting,0
39.3,1018.571,cutting,0
39.4,998.635,cutting,0
39.5,994.351,cutting,0
39.6,963.253,cutting,0
39.7,993.035,cutting,0
39.8,1017.14,cutting,0
39.9,1006.157,cutting,0
40.0,1009.193,cutting,0
40.1,1026.89,cutting,0
40.2,1032.8,cutting,0
40.3,1054.686,cutting,0
40.4,1028.619,cutting,0
40.5,977.965,cutting,0
40.6,1083.621,cutting,0
40.7,959.957,cutting,0
40.8,1002.181,cutting,0
40.9,947.985,cutting,0
41.0,975.817,cutting,0
41.1,950.589,cutting,0
41.2,988.001,cutting,0
41.3,970.838,cutting,0
41.4,969.223,cutting,0
41.5,1040.6,cutting,0
41.6,1089.588,cutting,0
41.7,1063.562,cutting,0
41.8,1057.62,cutting,0
41.9,1012.665,cutting,0
42.0,1036.46,cutting,0
42.1,1040.954,cutting,0
42.2,987.246,cutting,0
42.3,1027.894,cutting,0
42.4,985.593,cutting,0
42.5,996.034,cutting,0
42.6,969.569,cutting,0
42.7,979.159,cutting,0
42.8,1017.594,cutting,0
42.9,1038.596,cutting,0
43.0,1051.259,cutting,0
43.1,1013.571,cutting,0
43.2,1027.717,cutting,0
43.3,1050.251,cutting,0
43.4,977.386,cutting,0
43.5,1065.777,cutting,0
43.6,1025.058,cutting,0
43.7,1001.007,cutting,0
43.8,963.796,cutting,0
43.9,1012.305,cutting,0
44.0,975.448,cutting,0
44.1,1059.259,cutting,0
44.2,1019.137,cutting,0
44.3,968.257,cutting,0
44.4,1060.565,cutting,0
44.5,1028.078,cutting,0
44.6,1034.369,cutting,0
44.7,1043.652,cutting,0
44.8,1040.593,cutting,0
44.9,1041.899,cutting,0
45.0,1044.84,cutting,0
45.1,1019.133,cutting,0
45.2,965.793,cutting,0
45.3,936.905,cutting,0
45.4,955.464,cutting,0
45.5,1002.359,cutting,0
45.6,1031.562,cutting,0
45.7,1078.83,cutting,0
45.8,983.771,cutting,0
45.9,1046.3,cutting,0
46.0,1043.271,cutting,0
46.1,1038.634,cutting,0
46.2,1052.357,cutting,0
46.3,1028.038,cutting,0
46.4,1013.013,cutting,0
46.5,984.497,cutting,0
46.6,1007.838,cutting,0
46.7,1022.339,cutting,0
46.8,1040.182,cutting,0
46.9,968.864,cutting,0
47.0,960.47,cutting,0
47.1,1002.19,cutting,0
47.2,997.408,cutting,0
47.3,1076.269,cutting,0
47.4,1020.922,cutting,0
47.5,1055.526,cutting,0
47.6,1002.573,cutting,0
47.7,1028.001,cutting,0
47.8,1033.328,cutting,0
47.9,1064.895,cutting,0
48.0,973.103,cutting,0
48.1,1000.185,cutting,0
48.2,910.246,cutting,0
48.3,943.104,cutting,0
48.4,965.424,cutting,0
48.5,989.609,cutting,0
48.6,1037.346,cutting,0
48.7,1058.729,cutting,0
48.8,991.106,cutting,0
48.9,1071.104,cutting,0
49.0,1012.083,cutting,0
49.1,1107.567,cutting,0
49.2,1041.655,cutting,0
49.3,1020.949,cutting,0
49.4,994.74,cutting,0
49.5,988.309,cutting,0
49.6,983.486,cutting,0
49.7,959.692,cutting,0
49.8,1016.929,cutting,0
49.9,1012.31,cutting,0
50.0,612.338,unload,0
50.1,597.751,unload,0
50.2,611.09,unload,0
50.3,585.222,unload,0
50.4,663.001,unload,0
50.5,586.067,unload,0
50.6,590.826,unload,0
50.7,616.172,unload,0
50.8,621.043,unload,0
50.9,584.527,unload,0
51.0,568.918,unload,0
51.1,573.682,unload,0
51.2,580.964,unload,0
51.3,584.718,unload,0
51.4,595.877,unload,0
51.5,617.372,unload,0
51.6,618.273,unload,0
51.7,587.833,unload,0
51.8,608.539,unload,0
51.9,614.698,unload,0
52.0,624.095,unload,0
52.1,595.952,unload,0
52.2,585.436,unload,0
52.3,612.298,unload,0
52.4,626.076,unload,0
52.5,589.365,unload,0
52.6,633.876,unload,0
52.7,629.74,unload,0
52.8,594.071,unload,0
52.9,570.568,unload,0
53.0,588.055,unload,0
53.1,592.459,unload,0
53.2,608.362,unload,0
53.3,568.723,unload,0
53.4,642.548,unload,0
53.5,640.918,unload,0
53.6,585.762,unload,0
53.7,565.271,unload,0
53.8,595.73,unload,0
53.9,606.406,unload,0
54.0,623.003,unload,0
54.1,611.577,unload,0
54.2,595.127,unload,0
54.3,563.326,unload,0
54.4,607.939,unload,0
54.5,613.916,unload,0
54.6,593.156,unload,0
54.7,603.684,unload,0
54.8,602.394,unload,0
54.9,594.348,unload,0
55.0,577.915,unload,0
55.1,604.882,unload,0
55.2,573.192,unload,0
55.3,623.946,unload,0
55.4,582.538,unload,0
55.5,607.573,unload,0
55.6,585.553,unload,0
55.7,605.524,unload,0
55.8,594.899,unload,0
55.9,608.28,unload,0
56.0,584.454,unload,0
56.1,569.338,unload,0
56.2,593.619,unload,0
56.3,592.35,unload,0
56.4,571.598,unload,0
56.5,586.247,unload,0
56.6,568.543,unload,0
56.7,600.725,unload,0
56.8,591.93,unload,0
56.9,598.922,unload,0
57.0,645.505,unload,0
57.1,601.507,unload,0
57.2,605.383,unload,0
57.3,609.947,unload,0
57.4,596.152,unload,0
57.5,588.016,unload,0
57.6,614.46,unload,0
57.7,617.179,unload,0
57.8,546.155,unload,0
57.9,595.729,unload,0
58.0,592.53,unload,0
58.1,588.479,unload,0
58.2,620.989,unload,0
58.3,589.005,unload,0
58.4,614.17,unload,0
58.5,588.845,unload,0
58.6,591.276,unload,0
58.7,611.723,unload,0
58.8,585.322,unload,0
58.9,595.693,unload,0
59.0,578.743,unload,0
59.1,582.665,unload,0
59.2,611.597,unload,0
59.3,609.12,unload,0
59.4,578.004,unload,0
59.5,577.285,unload,0
59.6,644.419,unload,0
59.7,587.013,unload,0
59.8,582.9,unload,0
59.9,607.793,unload,0
60.0,413.161,idle,0
60.1,416.444,idle,0
60.2,426.507,idle,0
60.3,427.347,idle,0
60.4,417.786,idle,0
60.5,430.093,idle,0
60.6,418.211,idle,0
60.7,417.441,idle,0
60.8,419.31,idle,0
60.9,416.905,idle,0
61.0,423.572,idle,0
61.1,421.618,idle,0
61.2,413.161,idle,0
61.3,420.799,idle,0
61.4,415.026,idle,0
61.5,414.739,idle,0
61.6,418.244,idle,0
61.7,427.503,idle,0
61.8,421.569,idle,0
61.9,429.5,idle,0
62.0,431.854,idle,0
62.1,419.086,idle,0
62.2,414.518,idle,0
62.3,413.061,idle,0
62.4,421.586,idle,0
62.5,426.285,idle,0
62.6,432.021,idle,0
62.7,408.906,idle,0
62.8,426.749,idle,0
62.9,427.934,idle,0
63.0,438.864,idle,0
63.1,420.877,idle,0
63.2,419.129,idle,0
63.3,407.239,idle,0
63.4,413.17,idle,0
63.5,410.567,idle,0
63.6,411.322,idle,0
63.7,412.211,idle,0
63.8,407.146,idle,0
63.9,418.674,idle,0
64.0,422.507,idle,0
64.1,425.513,idle,0
64.2,418.664,idle,0
64.3,427.883,idle,0
64.4,427.965,idle,0
64.5,407.303,idle,0
64.6,417.264,idle,0
64.7,409.458,idle,0
64.8,411.623,idle,0
64.9,420.929,idle,0
65.0,418.457,idle,0
65.1,431.171,idle,0
65.2,435.845,idle,0
65.3,422.833,idle,0
65.4,417.945,idle,0
65.5,418.316,idle,0
65.6,419.396,idle,0
65.7,424.072,idle,0
65.8,413.625,idle,0
65.9,424.169,idle,0
66.0,417.554,idle,0
66.1,427.974,idle,0
66.2,430.415,idle,0
66.3,433.417,idle,0
66.4,418.276,idle,0
66.5,408.729,idle,0
66.6,406.055,idle,0
66.7,417.199,idle,0
66.8,408.206,idle,0
66.9,406.375,idle,0
67.0,416.732,idle,0
67.1,411.674,idle,0
67.2,425.073,idle,0
67.3,435.069,idle,0
67.4,417.761,idle,0
67.5,422.083,idle,0
67.6,406.966,idle,0
67.7,421.039,idle,0
67.8,413.986,idle,0
67.9,410.805,idle,0
68.0,404.71,idle,0
68.1,432.403,idle,0
68.2,406.701,idle,0
68.3,409.942,idle,0
68.4,419.692,idle,0
68.5,421.93,idle,0
68.6,421.966,idle,0
68.7,420.5,idle,0
68.8,412.497,idle,0
68.9,425.784,idle,0
69.0,421.191,idle,0
69.1,408.039,idle,0
69.2,432.473,idle,0
69.3,416.926,idle,0
69.4,427.251,idle,0
69.5,408.031,idle,0
69.6,410.155,idle,0
69.7,415.09,idle,0
69.8,414.149,idle,0
69.9,427.788,idle,0
70.0,400.052,ramp_up,0
70.1,433.514,ramp_up,0
70.2,431.375,ramp_up,0
70.3,461.75,ramp_up,0
70.4,470.047,ramp_up,0
70.5,472.945,ramp_up,0
70.6,518.237,ramp_up,0
70.7,503.023,ramp_up,0
70.8,528.729,ramp_up,0
70.9,511.643,ramp_up,0
71.0,538.093,ramp_up,0
71.1,552.652,ramp_up,0
71.2,565.257,ramp_up,0
71.3,571.466,ramp_up,0
71.4,577.658,ramp_up,0
71.5,562.485,ramp_up,0
71.6,604.798,ramp_up,0
71.7,612.608,ramp_up,0
71.8,632.556,ramp_up,0
71.9,657.941,ramp_up,0
72.0,686.251,ramp_up,0
72.1,678.033,ramp_up,0
72.2,695.863,ramp_up,0
72.3,703.228,ramp_up,0
72.4,716.408,ramp_up,0
72.5,726.777,ramp_up,0
72.6,728.56,ramp_up,0
72.7,739.82,ramp_up,0
72.8,759.705,ramp_up,0
72.9,789.34,ramp_up,0
73.0,789.154,ramp_up,0
73.1,811.1,ramp_up,0
73.2,788.244,ramp_up,0
73.3,818.992,ramp_up,0
73.4,832.609,ramp_up,0
73.5,846.086,ramp_up,0
73.6,835.352,ramp_up,0
73.7,841.717,ramp_up,0
73.8,850.356,ramp_up,0
73.9,883.068,ramp_up,0
74.0,928.008,ramp_up,0
74.1,914.488,ramp_up,0
74.2,909.347,ramp_up,0
74.3,939.959,ramp_up,0
74.4,944.275,ramp_up,0
74.5,961.954,ramp_up,0
74.6,966.487,ramp_up,0
74.7,968.377,ramp_up,0
74.8,989.546,ramp_up,0
74.9,1016.506,ramp_up,0
75.0,1030.498,cutting,0
75.1,1047.754,cutting,0
75.2,955.485,cutting,0
75.3,1022.81,cutting,0
75.4,987.834,cutting,0
75.5,998.593,cutting,0
75.6,1047.0,cutting,0
75.7,1013.516,cutting,0
75.8,1042.169,cutting,0
75.9,1068.333,cutting,0
76.0,1076.459,cutting,0
76.1,1083.769,cutting,0
76.2,1095.38,cutting,0
76.3,1058.003,cutting,0
76.4,1009.762,cutting,0
76.5,1095.717,cutting,0
76.6,995.87,cutting,0
76.7,1001.657,cutting,0
76.8,959.966,cutting,0
76.9,914.023,cutting,0
77.0,973.318,cutting,0
77.1,1016.857,cutting,0
77.2,1048.455,cutting,0
77.3,1044.48,cutting,0
77.4,1080.69,cutting,0
77.5,1090.912,cutting,0
77.6,1087.489,cutting,0
77.7,1043.728,cutting,0
77.8,1032.907,cutting,0
77.9,1007.245,cutting,0
78.0,970.173,cutting,0
78.1,1040.6,cutting,0
78.2,942.967,cutting,0
78.3,986.313,cutting,0
78.4,1005.353,cutting,0
78.5,935.705,cutting,0
78.6,1051.797,cutting,0
78.7,1027.903,cutting,0
78.8,1058.81,cutting,0
78.9,1044.558,cutting,0
79.0,1001.013,cutting,0
79.1,1053.824,cutting,0
79.2,1038.015,cutting,0
79.3,1054.153,cutting,0
79.4,1021.211,cutting,0
79.5,934.24,cutting,0
79.6,1025.63,cutting,0
79.7,1015.436,cutting,0
79.8,1021.326,cutting,0
79.9,1023.578,cutting,0
80.0,996.814,cutting,0
80.1,1055.049,cutting,0
80.2,1035.722,cutting,0
80.3,1156.251,cutting,0
80.4,1047.594,cutting,0
80.5,1010.995,cutting,0
80.6,1026.458,cutting,0
80.7,1074.106,cutting,0
80.8,988.67,cutting,0
80.9,910.47,cutting,0
81.0,1039.64,cutting,0
81.1,998.251,cutting,0
81.2,974.605,cutting,0
81.3,1027.778,cutting,0
81.4,984.831,cutting,0
81.5,991.274,cutting,0
81.6,1078.811,cutting,0
81.7,1036.01,cutting,0
81.8,1075.038,cutting,0
81.9,1052.617,cutting,0
82.0,1071.267,cutting,0
82.1,1031.876,cutting,0
82.2,941.096,cutting,0
82.3,1023.046,cutting,0
82.4,973.236,cutting,0
82.5,1017.406,cutting,0
82.6,993.787,cutting,0
82.7,1049.029,cutting,0
82.8,1001.792,cutting,0
82.9,956.057,cutting,0
83.0,1030.846,cutting,0
83.1,1070.165,cutting,0
83.2,1044.439,cutting,0
83.3,1037.646,cutting,0
83.4,1097.024,cutting,0
83.5,1026.965,cutting,0
83.6,1053.945,cutting,0
83.7,1007.9,cutting,0
83.8,941.281,cutting,0
83.9,953.791,cutting,0
84.0,977.17,cutting,0
84.1,1006.688,cutting,0
84.2,980.158,cutting,0
84.3,974.126,cutting,0
84.4,1002.751,cutting,0
84.5,1031.445,cutting,0
84.6,1024.814,cutting,0
84.7,1034.87,cutting,0
84.8,1113.541,cutting,0
84.9,1046.073,cutting,0
85.0,992.754,cutting,0
85.1,1006.095,cutting,0
85.2,1049.615,cutting,0
85.3,1010.106,cutting,0
85.4,983.4,cutting,0
85.5,945.557,cutting,0
85.6,944.971,cutting,0
85.7,1007.155,cutting,0
85.8,1030.449,cutting,0
85.9,989.935,cutting,0
86.0,1007.732,cutting,0
86.1,1054.518,cutting,0
86.2,973.174,cutting,0
86.3,979.643,cutting,0
86.4,1023.796,cutting,0
86.5,1030.047,cutting,0
86.6,1008.43,cutting,0
86.7,1023.633,cutting,0
86.8,1041.525,cutting,0
86.9,1021.988,cutting,0
87.0,991.383,cutting,0
87.1,1089.298,cutting,0
87.2,1088.965,cutting,0
87.3,1076.553,cutting,0
87.4,1024.615,cutting,0
87.5,1070.465,cutting,0
87.6,979.797,cutting,0
87.7,1032.112,cutting,0
87.8,943.027,cutting,0
87.9,1000.207,cutting,0
88.0,1036.855,cutting,0
88.1,991.524,cutting,0
88.2,1043.213,cutting,0
88.3,989.037,cutting,0
88.4,1001.236,cutting,0
88.5,1000.262,cutting,0
88.6,1044.712,cutting,0
88.7,1039.292,cutting,0
88.8,1093.377,cutting,0
88.9,1112.975,cutting,0
89.0,1068.163,cutting,0
89.1,1007.978,cutting,0
89.2,1054.338,cutting,0
89.3,1067.156,cutting,0
89.4,1027.851,cutting,0
89.5,1003.86,cutting,0
89.6,1020.528,cutting,0
89.7,1034.237,cutting,0
89.8,903.574,cutting,0
89.9,1060.3,cutting,0
90.0,1049.121,cutting,0
90.1,1053.79,cutting,0
90.2,1029.537,cutting,0
90.3,1063.86,cutting,0
90.4,1077.703,cutting,0
90.5,998.373,cutting,0
90.6,1065.128,cutting,0
90.7,1026.756,cutting,0
90.8,1060.58,cutting,0
90.9,1020.27,cutting,0
91.0,982.648,cutting,0
91.1,989.284,cutting,0
91.2,1015.025,cutting,0
91.3,1008.514,cutting,0
91.4,1036.892,cutting,0
91.5,1007.964,cutting,0
91.6,1002.333,cutting,0
91.7,1034.612,cutting,0
91.8,1006.998,cutting,0
91.9,1025.569,cutting,0
92.0,1055.096,cutting,0
92.1,971.515,cutting,0
92.2,970.337,cutting,0
92.3,1025.537,cutting,0
92.4,971.885,cutting,0
92.5,986.745,cutting,0
92.6,947.151,cutting,0
92.7,963.227,cutting,0
92.8,1002.779,cutting,0
92.9,1085.784,cutting,0
93.0,1058.212,cutting,0
93.1,994.159,cutting,0
93.2,1072.716,cutting,0
93.3,1086.93,cutting,0
93.4,1070.266,cutting,0
93.5,990.07,cutting,0
93.6,1015.402,cutting,0
93.7,1077.678,cutting,0
93.8,959.867,cutting,0
93.9,999.065,cutting,0
94.0,962.536,cutting,0
94.1,952.099,cutting,0
94.2,994.112,cutting,0
94.3,1060.375,cutting,0
94.4,1079.56,cutting,0
94.5,1019.586,cutting,0
94.6,1039.935,cutting,0
94.7,1024.911,cutting,0
94.8,976.38,cutting,0
94.9,1058.251,cutting,0
95.0,1076.673,cutting,0
95.1,1059.771,cutting,0
95.2,978.887,cutting,0
95.3,1034.762,cutting,0
95.4,1026.035,cutting,0
95.5,982.106,cutting,0
95.6,1005.214,cutting,0
95.7,1007.174,cutting,0
95.8,1043.554,cutting,0
95.9,1111.347,cutting,0
96.0,1023.238,cutting,0
96.1,1015.298,cutting,0
96.2,1082.499,cutting,0
96.3,1043.243,cutting,0
96.4,960.63,cutting,0
96.5,976.204,cutting,0
96.6,969.563,cutting,0
96.7,968.643,cutting,0
96.8,998.852,cutting,0
96.9,1026.681,cutting,0
97.0,996.329,cutting,0
97.1,1021.228,cutting,0
97.2,1005.236,cutting,0
97.3,1080.649,cutting,0
97.4,1101.319,cutting,0
97.5,1048.411,cutting,0
97.6,1028.397,cutting,0
97.7,1117.5,cutting,0
97.8,1063.858,cutting,0
97.9,984.897,cutting,0
98.0,942.93,cutting,0
98.1,981.768,cutting,0
98.2,1029.77,cutting,0
98.3,971.161,cutting,0
98.4,990.22,cutting,0
98.5,994.73,cutting,0
98.6,1049.979,cutting,0
98.7,1090.407,cutting,0
98.8,1008.306,cutting,0
98.9,1047.472,cutting,0
99.0,1049.146,cutting,0
99.1,1026.578,cutting,0
99.2,993.89,cutting,0
99.3,1049.432,cutting,0
99.4,1011.498,cutting,0
99.5,1019.808,cutting,0
99.6,1041.6,cutting,0
99.7,976.262,cutting,0
99.8,1014.948,cutting,0
99.9,993.954,cutting,0
100.0,1019.88,cutting,0
100.1,1049.555,cutting,0
100.2,1044.262,cutting,0
100.3,1004.031,cutting,0
100.4,1110.208,cutting,0
100.5,1056.641,cutting,0
100.6,999.796,cutting,0
100.7,947.907,cutting,0
100.8,1009.332,cutting,0
100.9,1020.444,cutting,0
101.0,1025.159,cutting,0
101.1,1027.513,cutting,0
101.2,980.196,cutting,0
101.3,1026.936,cutting,0
101.4,964.679,cutting,0
101.5,1039.206,cutting,0
101.6,1079.157,cutting,0
101.7,1034.258,cutting,0
101.8,1052.397,cutting,0
101.9,1057.499,cutting,0
102.0,1048.523,cutting,0
102.1,1081.866,cutting,0
102.2,976.566,cutting,0
102.3,1047.75,cutting,0
102.4,947.71,cutting,0
102.5,964.726,cutting,0
102.6,964.255,cutting,0
102.7,997.769,cutting,0
102.8,997.06,cutting,0
102.9,1046.597,cutting,0
103.0,1044.112,cutting,0
103.1,1130.944,cutting,0
103.2,1071.588,cutting,0
103.3,1046.816,cutting,0
103.4,1060.202,cutting,0
103.5,1054.898,cutting,0
103.6,1012.075,cutting,0
103.7,965.368,cutting,0
103.8,965.356,cutting,0
103.9,994.645,cutting,0
104.0,1019.066,cutting,0
104.1,1014.506,cutting,0
104.2,1007.22,cutting,0
104.3,1045.109,cutting,0
104.4,1022.758,cutting,0
104.5,1060.559,cutting,0
104.6,1107.316,cutting,0
104.7,1096.159,cutting,0
104.8,1097.598,cutting,0
104.9,1025.056,cutting,0
105.0,1030.268,cutting,0
105.1,972.852,cutting,0
105.2,1028.313,cutting,0
105.3,974.306,cutting,0
105.4,942.497,cutting,0
105.5,977.31,cutting,0
105.6,1015.065,cutting,0
105.7,943.522,cutting,0
105.8,986.319,cutting,0
105.9,1083.117,cutting,0
106.0,1059.674,cutting,0
106.1,1056.151,cutting,0
106.2,996.208,cutting,0
106.3,1097.257,cutting,0
106.4,1063.353,cutting,0
106.5,1036.775,cutting,0
106.6,960.081,cutting,0
106.7,1010.689,cutting,0
106.8,1028.094,cutting,0
106.9,980.85,cutting,0
107.0,993.677,cutting,0
107.1,999.829,cutting,0
107.2,1052.646,cutting,0
107.3,1036.988,cutting,0
107.4,1043.5,cutting,0
107.5,1007.036,cutting,0
107.6,996.403,cutting,0
107.7,1078.052,cutting,0
107.8,1086.73,cutting,0
107.9,1046.61,cutting,0
108.0,1051.971,cutting,0
108.1,973.311,cutting,0
108.2,986.204,cutting,0
108.3,1003.368,cutting,0
108.4,993.094,cutting,0
108.5,1070.473,cutting,0
108.6,980.749,cutting,0
108.7,1021.489,cutting,0
108.8,1040.115,cutting,0
108.9,1032.742,cutting,0
109.0,1085.602,cutting,0
109.1,978.428,cutting,0
109.2,1075.46,cutting,0
109.3,1052.246,cutting,0
109.4,1017.018,cutting,0
109.5,1043.371,cutting,0
109.6,1070.645,cutting,0
109.7,995.35,cutting,0
109.8,1021.474,cutting,0
109.9,1021.767,cutting,0
110.0,610.921,unload,0
110.1,592.453,unload,0
110.2,588.613,unload,0
110.3,612.547,unload,0
110.4,592.219,unload,0
110.5,618.388,unload,0
110.6,615.983,unload,0
110.7,593.639,unload,0
110.8,608.234,unload,0
110.9,603.113,unload,0
111.0,599.243,unload,0
111.1,622.125,unload,0
111.2,602.477,unload,0
111.3,605.962,unload,0
111.4,566.876,unload,0
111.5,612.533,unload,0
111.6,575.903,unload,0
111.7,594.845,unload,0
111.8,630.749,unload,0
111.9,633.911,unload,0
112.0,594.799,unload,0
112.1,579.216,unload,0
112.2,609.014,unload,0
112.3,594.674,unload,0
112.4,607.939,unload,0
112.5,577.641,unload,0
112.6,621.979,unload,0
112.7,629.706,unload,0
112.8,575.842,unload,0
112.9,587.996,unload,0
113.0,589.356,unload,0
113.1,615.058,unload,0
113.2,566.504,unload,0
113.3,605.621,unload,0
113.4,597.774,unload,0
113.5,587.649,unload,0
113.6,614.547,unload,0
113.7,566.831,unload,0
113.8,577.281,unload,0
113.9,587.826,unload,0
114.0,614.676,unload,0
114.1,595.663,unload,0
114.2,587.007,unload,0
114.3,610.571,unload,0
114.4,593.299,unload,0
114.5,590.36,unload,0
114.6,596.526,unload,0
114.7,608.076,unload,0
114.8,650.469,unload,0
114.9,582.44,unload,0
115.0,607.016,unload,0
115.1,599.257,unload,0
115.2,597.396,unload,0
115.3,629.411,unload,0
115.4,616.039,unload,0
115.5,614.216,unload,0
115.6,594.024,unload,0
115.7,586.952,unload,0
115.8,607.499,unload,0
115.9,597.082,unload,0
116.0,591.924,unload,0
116.1,614.317,unload,0
116.2,580.59,unload,0
116.3,589.216,unload,0
116.4,616.467,unload,0
116.5,600.842,unload,0
116.6,614.329,unload,0
116.7,587.013,unload,0
116.8,615.02,unload,0
116.9,589.618,unload,0
117.0,626.774,unload,0
117.1,616.648,unload,0
117.2,610.784,unload,0
117.3,630.063,unload,0
117.4,608.757,unload,0
117.5,591.134,unload,0
117.6,630.433,unload,0
117.7,608.752,unload,0
117.8,624.463,unload,0
117.9,605.303,unload,0
118.0,623.486,unload,0
118.1,587.042,unload,0
118.2,579.885,unload,0
118.3,577.38,unload,0
118.4,616.319,unload,0
118.5,567.333,unload,0
118.6,570.632,unload,0
118.7,577.189,unload,0
118.8,606.882,unload,0
118.9,610.582,unload,0
119.0,588.079,unload,0
119.1,616.905,unload,0
119.2,608.505,unload,0
119.3,624.535,unload,0
119.4,619.759,unload,0
119.5,590.401,unload,0
119.6,606.397,unload,0
119.7,599.862,unload,0
119.8,611.138,unload,0
119.9,606.501,unload,0
120.0,421.474,idle,0
120.1,426.961,idle,0
120.2,421.774,idle,0
120.3,427.147,idle,0
120.4,421.572,idle,0
120.5,420.037,idle,0
120.6,428.664,idle,0
120.7,428.912,idle,0
120.8,431.207,idle,0
120.9,426.338,idle,0
121.0,419.618,idle,0
121.1,422.83,idle,0
121.2,422.57,idle,0
121.3,407.277,idle,0
121.4,412.347,idle,0
121.5,433.49,idle,0
121.6,420.84,idle,0
121.7,398.545,idle,0
121.8,420.363,idle,0
121.9,422.593,idle,0
122.0,411.5,idle,0
122.1,439.472,idle,0
122.2,430.289,idle,0
122.3,427.781,idle,0
122.4,419.79,idle,0
122.5,425.143,idle,0
122.6,428.024,idle,0
122.7,425.093,idle,0
122.8,415.946,idle,0
122.9,422.799,idle,0
123.0,422.333,idle,0
123.1,423.601,idle,0
123.2,412.957,idle,0
123.3,423.353,idle,0
123.4,421.265,idle,0
123.5,423.116,idle,0
123.6,422.831,idle,0
123.7,409.737,idle,0
123.8,428.033,idle,0
123.9,427.166,idle,0
124.0,410.477,idle,0
124.1,420.418,idle,0
124.2,414.374,idle,0
124.3,417.536,idle,0
124.4,429.135,idle,0
124.5,425.355,idle,0
124.6,436.909,idle,0
124.7,421.825,idle,0
124.8,412.149,idle,0
124.9,421.969,idle,0
125.0,401.559,idle,0
125.1,435.224,idle,0
125.2,423.073,idle,0
125.3,424.53,idle,0
125.4,422.157,idle,0
125.5,414.13,idle,0
125.6,419.95,idle,0
125.7,414.627,idle,0
125.8,416.784,idle,0
125.9,423.466,idle,0
126.0,411.188,idle,0
126.1,433.847,idle,0
126.2,412.23,idle,0
126.3,427.329,idle,0
126.4,415.586,idle,0
126.5,410.736,idle,0
126.6,423.677,idle,0
126.7,421.899,idle,0
126.8,418.742,idle,0
126.9,420.039,idle,0
127.0,415.509,idle,0
127.1,423.833,idle,0
127.2,416.581,idle,0
127.3,420.554,idle,0
127.4,429.209,idle,0
127.5,409.802,idle,0
127.6,415.773,idle,0
127.7,414.911,idle,0
127.8,413.925,idle,0
127.9,409.518,idle,0
128.0,418.042,idle,0
128.1,421.412,idle,0
128.2,419.284,idle,0
128.3,407.46,idle,0
128.4,425.558,idle,0
128.5,425.749,idle,0
128.6,420.699,idle,0
128.7,412.17,idle,0
128.8,413.298,idle,0
128.9,435.586,idle,0
129.0,433.784,idle,0
129.1,423.858,idle,0
129.2,412.816,idle,0
129.3,430.096,idle,0
129.4,421.465,idle,0
129.5,433.369,idle,0
129.6,415.487,idle,0
129.7,423.769,idle,0
129.8,418.371,idle,0
129.9,426.016,idle,0
130.0,412.49,ramp_up,0
130.1,442.996,ramp_up,0
130.2,439.452,ramp_up,0
130.3,445.427,ramp_up,0
130.4,474.822,ramp_up,0
130.5,482.839,ramp_up,0
130.6,466.824,ramp_up,0
130.7,503.54,ramp_up,0
130.8,517.252,ramp_up,0
130.9,530.249,ramp_up,0
131.0,564.446,ramp_up,0
131.1,544.349,ramp_up,0
131.2,563.826,ramp_up,0
131.3,555.747,ramp_up,0
131.4,570.63,ramp_up,0
131.5,593.184,ramp_up,0
131.6,610.449,ramp_up,0
131.7,621.651,ramp_up,0
131.8,643.597,ramp_up,0
131.9,656.741,ramp_up,0
132.0,672.054,ramp_up,0
132.1,670.044,ramp_up,0
132.2,689.874,ramp_up,0
132.3,687.427,ramp_up,0
132.4,712.311,ramp_up,0
132.5,725.751,ramp_up,0
132.6,726.0,ramp_up,0
132.7,705.528,ramp_up,0
132.8,748.193,ramp_up,0
132.9,798.778,ramp_up,0
133.0,778.818,ramp_up,0
133.1,784.355,ramp_up,0
133.2,805.256,ramp_up,0
133.3,829.314,ramp_up,0
133.4,831.974,ramp_up,0
133.5,837.513,ramp_up,0
133.6,836.626,ramp_up,0
133.7,860.423,ramp_up,0
133.8,861.672,ramp_up,0
133.9,892.198,ramp_up,0
134.0,918.006,ramp_up,0
134.1,924.581,ramp_up,0
134.2,916.869,ramp_up,0
134.3,924.175,ramp_up,0
134.4,931.288,ramp_up,0
134.5,965.251,ramp_up,0
134.6,978.762,ramp_up,0
134.7,993.399,ramp_up,0
134.8,999.995,ramp_up,0
134.9,993.443,ramp_up,0
135.0,952.641,cutting,0
135.1,1043.777,cutting,0
135.2,963.452,cutting,0
135.3,1052.063,cutting,0
135.4,911.54,cutting,0
135.5,952.678,cutting,0
135.6,970.024,cutting,0
135.7,1026.591,cutting,0
135.8,1055.621,cutting,0
135.9,1025.713,cutting,0
136.0,1073.603,cutting,0
136.1,1008.697,cutting,0
136.2,1031.49,cutting,0
136.3,995.79,cutting,0
136.4,1004.315,cutting,0
136.5,986.138,cutting,0
136.6,1006.007,cutting,0
136.7,1107.008,cutting,0
136.8,936.474,cutting,0
136.9,981.543,cutting,0
137.0,1022.613,cutting,0
137.1,1015.178,cutting,0
137.2,1077.549,cutting,0
137.3,1005.803,cutting,0
137.4,1078.027,cutting,0
137.5,1026.868,cutting,0
137.6,1079.535,cutting,0
137.7,1047.386,cutting,0
137.8,1036.596,cutting,0
137.9,992.168,cutting,0
138.0,934.045,cutting,0
138.1,949.974,cutting,0
138.2,1009.066,cutting,0
138.3,977.506,cutting,0
138.4,1021.05,cutting,0
138.5,962.152,cutting,0
138.6,1046.023,cutting,0
138.7,1073.232,cutting,0
138.8,971.55,cutting,0
138.9,1065.214,cutting,0
139.0,1120.385,cutting,0
139.1,1018.414,cutting,0
139.2,1067.106,cutting,0
139.3,1018.562,cutting,0
139.4,1032.378,cutting,0
139.5,977.58,cutting,0
139.6,957.927,cutting,0
139.7,970.567,cutting,0
139.8,979.746,cutting,0
139.9,983.96,cutting,0
140.0,988.713,cutting,0
140.1,1072.955,cutting,0
140.2,1026.131,cutting,0
140.3,1011.195,cutting,0
140.4,1021.114,cutting,0
140.5,1064.874,cutting,0
140.6,958.424,cutting,0
140.7,1039.144,cutting,0
140.8,1031.612,cutting,0
140.9,1038.67,cutting,0
141.0,970.844,cutting,0
141.1,956.14,cutting,0
141.2,996.124,cutting,0
141.3,1005.76,cutting,0
141.4,1061.151,cutting,0
141.5,1032.358,cutting,0
141.6,1028.726,cutting,0
141.7,1005.618,cutting,0
141.8,1047.306,cutting,0
141.9,1052.987,cutting,0
142.0,1081.566,cutting,0
142.1,1029.994,cutting,0
142.2,1058.222,cutting,0
142.3,1040.837,cutting,0
142.4,961.304,cutting,0
142.5,944.932,cutting,0
142.6,965.933,cutting,0
142.7,989.305,cutting,0
142.8,982.856,cutting,0
142.9,1050.866,cutting,0
143.0,1064.022,cutting,0
143.1,1092.787,cutting,0
143.2,1064.562,cutting,0
143.3,1037.151,cutting,0
143.4,1058.142,cutting,0
143.5,998.895,cutting,0
143.6,1020.712,cutting,0
143.7,974.55,cutting,0
143.8,1030.826,cutting,0
143.9,892.024,cutting,0
144.0,1016.291,cutting,0
144.1,1025.345,cutting,0
144.2,1005.633,cutting,0
144.3,1033.979,cutting,0
144.4,1043.999,cutting,0
144.5,1093.595,cutting,0
144.6,1112.26,cutting,0
144.7,1054.263,cutting,0
144.8,1104.15,cutting,0
144.9,1012.395,cutting,0
145.0,1034.543,cutting,0
145.1,1020.413,cutting,0
145.2,948.902,cutting,0
145.3,997.563,cutting,0
145.4,962.279,cutting,0
145.5,1019.492,cutting,0
145.6,972.053,cutting,0
145.7,955.722,cutting,0
145.8,987.379,cutting,0
145.9,1046.266,cutting,0
146.0,1064.17,cutting,0
146.1,1066.634,cutting,0
146.2,1022.864,cutting,0
146.3,1066.33,cutting,0
146.4,1005.168,cutting,0
146.5,1001.452,cutting,0
146.6,1030.342,cutting,0
146.7,981.818,cutting,0
146.8,919.315,cutting,0
146.9,1014.276,cutting,0
147.0,999.42,cutting,0
147.1,999.906,cutting,0
147.2,1073.763,cutting,0
147.3,1020.28,cutting,0
147.4,1074.462,cutting,0
147.5,1059.695,cutting,0
147.6,1142.527,cutting,0
147.7,979.295,cutting,0
147.8,1035.507,cutting,0
147.9,1025.515,cutting,0
148.0,1037.817,cutting,0
148.1,974.542,cutting,0
148.2,962.803,cutting,0
148.3,1036.04,cutting,0
148.4,981.078,cutting,0
148.5,1018.893,cutting,0
148.6,1022.51,cutting,0
148.7,1052.074,cutting,0
148.8,1002.345,cutting,0
148.9,1035.679,cutting,0
149.0,1051.269,cutting,0
149.1,1049.193,cutting,0
149.2,1071.164,cutting,0
149.3,1035.519,cutting,0
149.4,1023.178,cutting,0
149.5,989.625,cutting,0
149.6,1029.525,cutting,0
149.7,964.768,cutting,0
149.8,989.58,cutting,0
149.9,952.956,cutting,0
150.0,983.189,cutting,0
150.1,1064.499,cutting,0
150.2,1045.172,cutting,0
150.3,988.902,cutting,0
150.4,1052.713,cutting,0
150.5,1039.897,cutting,0
150.6,996.998,cutting,0
150.7,1033.689,cutting,0
150.8,997.486,cutting,0
150.9,994.603,cutting,0
151.0,1019.474,cutting,0
151.1,963.498,cutting,0
151.2,1027.881,cutting,0
151.3,991.604,cutting,0
151.4,1006.376,cutting,0
151.5,1075.627,cutting,0
151.6,1056.956,cutting,0
151.7,1038.098,cutting,0
151.8,1050.523,cutting,0
151.9,1057.914,cutting,0
152.0,989.492,cutting,0
152.1,1049.579,cutting,0
152.2,1010.874,cutting,0
152.3,952.186,cutting,0
152.4,955.065,cutting,0
152.5,1014.942,cutting,0
152.6,943.834,cutting,0
152.7,1072.448,cutting,0
152.8,973.644,cutting,0
152.9,1033.413,cutting,0
153.0,950.933,cutting,0
153.1,1047.75,cutting,0
153.2,1036.211,cutting,0
153.3,1068.914,cutting,0
153.4,1050.145,cutting,0
153.5,1018.523,cutting,0
153.6,1090.136,cutting,0
153.7,1027.489,cutting,0
153.8,964.082,cutting,0
153.9,996.661,cutting,0
154.0,884.94,cutting,0
154.1,973.118,cutting,0
154.2,1049.589,cutting,0
154.3,1001.681,cutting,0
154.4,1040.786,cutting,0
154.5,1006.807,cutting,0
154.6,1080.63,cutting,0
154.7,1056.737,cutting,0
154.8,1045.638,cutting,0
154.9,1066.262,cutting,0
155.0,1075.896,cutting,0
155.1,1031.609,cutting,0
155.2,930.993,cutting,0
155.3,998.487,cutting,0
155.4,993.293,cutting,0
155.5,950.025,cutting,0
155.6,945.012,cutting,0
155.7,1001.816,cutting,0
155.8,1020.642,cutting,0
155.9,1041.355,cutting,0
156.0,1025.769,cutting,0
156.1,1058.299,cutting,0
156.2,1057.906,cutting,0
156.3,1026.671,cutting,0
156.4,1035.831,cutting,0
156.5,986.625,cutting,0
156.6,938.983,cutting,0
156.7,985.138,cutting,0
156.8,1013.775,cutting,0
156.9,1081.636,cutting,0
157.0,922.909,cutting,0
157.1,993.642,cutting,0
157.2,995.927,cutting,0
157.3,1049.599,cutting,0
157.4,1018.856,cutting,0
157.5,1057.279,cutting,0
157.6,1084.166,cutting,0
157.7,1014.006,cutting,0
157.8,1024.085,cutting,0
157.9,1067.978,cutting,0
158.0,1028.384,cutting,0
158.1,930.686,cutting,0
158.2,1055.668,cutting,0
158.3,961.686,cutting,0
158.4,1004.755,cutting,0
158.5,992.83,cutting,0
158.6,1006.607,cutting,0
158.7,1012.65,cutting,0
158.8,1069.442,cutting,0
158.9,1025.812,cutting,0
159.0,1007.434,cutting,0
159.1,1023.822,cutting,0
159.2,1031.104,cutting,0
159.3,945.862,cutting,0
159.4,1029.161,cutting,0
159.5,964.856,cutting,0
159.6,1009.22,cutting,0
159.7,1032.773,cutting,0
159.8,1002.362,cutting,0
159.9,1022.148,cutting,0
160.0,1002.59,cutting,0
160.1,1009.805,cutting,0
160.2,979.016,cutting,0
160.3,1045.53,cutting,0
160.4,1033.662,cutting,0
160.5,963.857,cutting,0
160.6,1044.814,cutting,0
160.7,1073.724,cutting,0
160.8,1019.616,cutting,0
160.9,1033.573,cutting,0
161.0,975.74,cutting,0
161.1,948.157,cutting,0
161.2,991.158,cutting,0
161.3,987.589,cutting,0
161.4,974.344,cutting,0
161.5,1065.386,cutting,0
161.6,1048.355,cutting,0
161.7,1028.086,cutting,0
161.8,1060.281,cutting,0
161.9,1043.983,cutting,0
162.0,1060.719,cutting,0
162.1,1080.935,cutting,0
162.2,988.217,cutting,0
162.3,954.508,cutting,0
162.4,1035.166,cutting,0
162.5,1067.424,cutting,0
162.6,965.647,cutting,0
162.7,964.463,cutting,0
162.8,967.997,cutting,0
162.9,1024.964,cutting,0
163.0,1043.029,cutting,0
163.1,1040.254,cutting,0
163.2,1082.96,cutting,0
163.3,1022.702,cutting,0
163.4,1021.93,cutting,0
163.5,985.712,cutting,0
163.6,1062.898,cutting,0
163.7,1037.665,cutting,0
163.8,1034.983,cutting,0
163.9,954.66,cutting,0
164.0,1032.383,cutting,0
164.1,1003.565,cutting,0
164.2,1031.172,cutting,0
164.3,1041.45,cutting,0
164.4,1024.678,cutting,0
164.5,1041.46,cutting,0
164.6,999.652,cutting,0
164.7,1033.82,cutting,0
164.8,1038.131,cutting,0
164.9,993.629,cutting,0
165.0,1022.567,cutting,0
165.1,1048.899,cutting,0
165.2,974.962,cutting,0
165.3,951.559,cutting,0
165.4,955.007,cutting,0
165.5,997.46,cutting,0
165.6,1063.349,cutting,0
165.7,1022.781,cutting,0
165.8,1034.056,cutting,0
165.9,1001.4,cutting,0
166.0,1064.148,cutting,0
166.1,1075.866,cutting,0
166.2,1034.666,cutting,0
166.3,1037.095,cutting,0
166.4,1000.598,cutting,0
166.5,1034.135,cutting,0
166.6,1041.962,cutting,0
166.7,999.946,cutting,0
166.8,1002.102,cutting,0
166.9,990.465,cutting,0
167.0,976.325,cutting,0
167.1,985.779,cutting,0
167.2,1013.893,cutting,0
167.3,1045.659,cutting,0
167.4,1050.767,cutting,0
167.5,1089.665,cutting,0
167.6,1076.825,cutting,0
167.7,1093.51,cutting,0
167.8,1055.132,cutting,0
167.9,1004.317,cutting,0
168.0,1002.18,cutting,0
168.1,932.095,cutting,0
168.2,1042.669,cutting,0
168.3,966.553,cutting,0
168.4,981.227,cutting,0
168.5,1072.128,cutting,0
168.6,986.403,cutting,0
168.7,1016.659,cutting,0
168.8,1046.805,cutting,0
168.9,1033.946,cutting,0
169.0,1055.913,cutting,0
169.1,1053.583,cutting,0
169.2,1054.544,cutting,0
169.3,1013.599,cutting,0
169.4,1026.878,cutting,0
169.5,979.641,cutting,0
169.6,1006.45,cutting,0
169.7,1026.683,cutting,0
169.8,932.355,cutting,0
169.9,996.886,cutting,0
170.0,603.034,unload,0
170.1,565.96,unload,0
170.2,545.092,unload,0
170.3,605.413,unload,0
170.4,588.243,unload,0
170.5,613.865,unload,0
170.6,599.64,unload,0
170.7,599.587,unload,0
170.8,593.545,unload,0
170.9,601.654,unload,0
171.0,583.583,unload,0
171.1,590.617,unload,0
171.2,613.898,unload,0
171.3,595.285,unload,0
171.4,608.881,unload,0
171.5,599.651,unload,0
171.6,593.757,unload,0
171.7,582.514,unload,0
171.8,614.896,unload,0
171.9,584.958,unload,0
172.0,606.51,unload,0
172.1,571.956,unload,0
172.2,604.67,unload,0
172.3,606.699,unload,0
172.4,588.378,unload,0
172.5,570.854,unload,0
172.6,596.998,unload,0
172.7,601.65,unload,0
172.8,590.447,unload,0
172.9,587.692,unload,0
173.0,616.078,unload,0
173.1,597.802,unload,0
173.2,592.351,unload,0
173.3,614.918,unload,0
173.4,599.454,unload,0
173.5,587.307,unload,0
173.6,615.37,unload,0
173.7,593.361,unload,0
173.8,616.329,unload,0
173.9,587.764,unload,0
174.0,605.573,unload,0
174.1,621.887,unload,0
174.2,607.953,unload,0
174.3,608.756,unload,0
174.4,607.83,unload,0
174.5,615.136,unload,0
174.6,601.289,unload,0
174.7,607.823,unload,0
174.8,595.752,unload,0
174.9,634.274,unload,0
175.0,584.211,unload,0
175.1,614.553,unload,0
175.2,582.359,unload,0
175.3,609.442,unload,0
175.4,623.275,unload,0
175.5,580.358,unload,0
175.6,631.141,unload,0
175.7,582.736,unload,0
175.8,585.23,unload,0
175.9,605.592,unload,0
176.0,580.272,unload,0
176.1,617.271,unload,0
176.2,608.574,unload,0
176.3,551.409,unload,0
176.4,574.461,unload,0
176.5,586.96,unload,0
176.6,607.225,unload,0
176.7,580.741,unload,0
176.8,586.937,unload,0
176.9,610.796,unload,0
177.0,582.096,unload,0
177.1,605.024,unload,0
177.2,575.466,unload,0
177.3,617.546,unload,0
177.4,624.992,unload,0
177.5,579.317,unload,0
177.6,557.68,unload,0
177.7,569.783,unload,0
177.8,616.751,unload,0
177.9,589.486,unload,0
178.0,618.283,unload,0
178.1,575.825,unload,0
178.2,582.865,unload,0
178.3,597.435,unload,0
178.4,618.531,unload,0
178.5,595.664,unload,0
178.6,581.253,unload,0
178.7,604.841,unload,0
178.8,601.029,unload,0
178.9,608.419,unload,0
179.0,596.349,unload,0
179.1,588.435,unload,0
179.2,599.87,unload,0
179.3,555.494,unload,0
179.4,604.245,unload,0
179.5,621.341,unload,0
179.6,609.311,unload,0
179.7,582.595,unload,0
179.8,572.265,unload,0
179.9,622.873,unload,0
180.0,415.755,idle,0
180.1,418.11,idle,0
180.2,421.538,idle,0
180.3,415.099,idle,0
180.4,420.09,idle,0
180.5,431.616,idle,0
180.6,415.851,idle,0
180.7,434.921,idle,0
180.8,422.802,idle,0
180.9,422.3,idle,0
181.0,427.254,idle,0
181.1,427.058,idle,0
181.2,428.117,idle,0
181.3,424.191,idle,0
181.4,415.193,idle,0
181.5,432.664,idle,0
181.6,418.61,idle,0
181.7,413.213,idle,0
181.8,426.883,idle,0
181.9,424.938,idle,0
182.0,419.567,idle,0
182.1,420.396,idle,0
182.2,424.419,idle,0
182.3,435.024,idle,0
182.4,419.221,idle,0
182.5,409.861,idle,0
182.6,415.324,idle,0
182.7,423.842,idle,0
182.8,418.223,idle,0
182.9,414.564,idle,0
183.0,425.568,idle,0
183.1,425.633,idle,0
183.2,418.198,idle,0
183.3,422.052,idle,0
183.4,414.776,idle,0
183.5,414.99,idle,0
183.6,417.103,idle,0
183.7,409.046,idle,0
183.8,422.45,idle,0
183.9,419.148,idle,0
184.0,415.755,idle,0
184.1,420.574,idle,0
184.2,420.781,idle,0
184.3,413.835,idle,0
184.4,415.026,idle,0
184.5,413.412,idle,0
184.6,430.325,idle,0
184.7,406.381,idle,0
184.8,418.979,idle,0
184.9,426.189,idle,0
185.0,411.023,idle,0
185.1,411.966,idle,0
185.2,411.786,idle,0
185.3,405.236,idle,0
185.4,428.719,idle,0
185.5,417.392,idle,0
185.6,410.466,idle,0
185.7,414.104,idle,0
185.8,420.424,idle,0
185.9,416.399,idle,0
186.0,411.888,idle,0
186.1,422.92,idle,0
186.2,411.886,idle,0
186.3,415.75,idle,0
186.4,420.205,idle,0
186.5,413.091,idle,0
186.6,419.426,idle,0
186.7,413.73,idle,0
186.8,439.849,idle,0
186.9,415.533,idle,0
187.0,424.188,idle,0
187.1,411.967,idle,0
187.2,409.876,idle,0
187.3,417.719,idle,0
187.4,415.955,idle,0
187.5,415.985,idle,0
187.6,418.404,idle,0
187.7,425.635,idle,0
187.8,433.755,idle,0
187.9,434.573,idle,0
188.0,419.076,idle,0
188.1,433.068,idle,0
188.2,432.022,idle,0
188.3,413.584,idle,0
188.4,414.675,idle,0
188.5,417.681,idle,0
188.6,433.961,idle,0
188.7,417.292,idle,0
188.8,416.488,idle,0
188.9,429.345,idle,0
189.0,416.926,idle,0
189.1,417.121,idle,0
189.2,423.046,idle,0
189.3,419.675,idle,0
189.4,399.163,idle,0
189.5,408.383,idle,0
189.6,423.824,idle,0
189.7,406.881,idle,0
189.8,427.914,idle,0
189.9,417.641,idle,0
190.0,420.296,ramp_up,0
190.1,432.626,ramp_up,0
190.2,419.975,ramp_up,0
190.3,444.824,ramp_up,0
190.4,452.795,ramp_up,0
190.5,480.111,ramp_up,0
190.6,507.396,ramp_up,0
190.7,498.606,ramp_up,0
190.8,514.129,ramp_up,0
190.9,502.105,ramp_up,0
191.0,532.851,ramp_up,0
191.1,546.418,ramp_up,0
191.2,559.079,ramp_up,0
191.3,580.421,ramp_up,0
191.4,601.972,ramp_up,0
191.5,597.14,ramp_up,0
191.6,614.002,ramp_up,0
191.7,602.816,ramp_up,0
191.8,640.551,ramp_up,0
191.9,645.756,ramp_up,0
192.0,636.588,ramp_up,0
192.1,673.371,ramp_up,0
192.2,673.554,ramp_up,0
192.3,705.386,ramp_up,0
192.4,710.839,ramp_up,0
192.5,718.373,ramp_up,0
192.6,749.787,ramp_up,0
192.7,739.512,ramp_up,0
192.8,749.75,ramp_up,0
192.9,765.845,ramp_up,0
193.0,778.854,ramp_up,0
193.1,779.366,ramp_up,0
193.2,808.289,ramp_up,0
193.3,818.544,ramp_up,0
193.4,819.317,ramp_up,0
193.5,819.069,ramp_up,0
193.6,863.979,ramp_up,0
193.7,877.353,ramp_up,0
193.8,884.513,ramp_up,0
193.9,897.642,ramp_up,0
194.0,919.387,ramp_up,0
194.1,914.12,ramp_up,0
194.2,941.68,ramp_up,0
194.3,932.661,ramp_up,0
194.4,936.173,ramp_up,0
194.5,958.79,ramp_up,0
194.6,966.945,ramp_up,0
194.7,988.578,ramp_up,0
194.8,1016.365,ramp_up,0
194.9,1011.83,ramp_up,0
195.0,1053.093,cutting,0
195.1,1075.908,cutting,0
195.2,1052.469,cutting,0
195.3,986.383,cutting,0
195.4,959.481,cutting,0
195.5,1062.861,cutting,0
195.6,963.129,cutting,0
195.7,951.873,cutting,0
195.8,960.897,cutting,0
195.9,1083.725,cutting,0
196.0,999.566,cutting,0
196.1,1043.389,cutting,0
196.2,1042.556,cutting,0
196.3,1081.746,cutting,0
196.4,974.195,cutting,0
196.5,1008.601,cutting,0
196.6,1004.176,cutting,0
196.7,1034.212,cutting,0
196.8,974.398,cutting,0
196.9,996.521,cutting,0
197.0,987.44,cutting,0
197.1,1049.283,cutting,0
197.2,1059.38,cutting,0
197.3,1026.653,cutting,0
197.4,1068.669,cutting,0
197.5,1001.289,cutting,0
197.6,1052.014,cutting,0
197.7,1009.451,cutting,0
197.8,1012.251,cutting,0
197.9,1046.735,cutting,0
198.0,1072.587,cutting,0
198.1,994.792,cutting,0
198.2,978.49,cutting,0
198.3,974.144,cutting,0
198.4,1020.596,cutting,0
198.5,1001.347,cutting,0
198.6,1057.048,cutting,0
198.7,1090.907,cutting,0
198.8,1069.922,cutting,0
198.9,1039.767,cutting,0
199.0,1078.453,cutting,0
199.1,1019.975,cutting,0
199.2,970.082,cutting,0
199.3,1056.279,cutting,0
199.4,1068.753,cutting,0
199.5,1036.552,cutting,0
199.6,971.703,cutting,0
199.7,866.551,cutting,0
199.8,966.006,cutting,0
199.9,1025.32,cutting,0
200.0,1004.666,cutting,0
200.1,1081.929,cutting,0
200.2,1016.942,cutting,0
200.3,1069.538,cutting,0
200.4,1060.51,cutting,0
200.5,1055.604,cutting,0
200.6,985.943,cutting,0
200.7,1016.781,cutting,0
200.8,1014.464,cutting,0
200.9,978.584,cutting,0
201.0,938.946,cutting,0
201.1,966.234,cutting,0
201.2,954.935,cutting,0
201.3,1011.301,cutting,0
201.4,1047.406,cutting,0
201.5,1040.14,cutting,0
201.6,1054.728,cutting,0
201.7,1044.056,cutting,0
201.8,1059.451,cutting,0
201.9,980.156,cutting,0
202.0,1040.881,cutting,0
202.1,1055.354,cutting,0
202.2,990.477,cutting,0
202.3,1019.63,cutting,0
202.4,933.196,cutting,0
202.5,984.215,cutting,0
202.6,979.3,cutting,0
202.7,1011.549,cutting,0
202.8,1013.917,cutting,0
202.9,1102.068,cutting,0
203.0,926.466,cutting,0
203.1,997.256,cutting,0
203.2,1028.706,cutting,0
203.3,1053.3,cutting,0
203.4,1018.686,cutting,0
203.5,1004.497,cutting,0
203.6,957.691,cutting,0
203.7,950.909,cutting,0
203.8,957.204,cutting,0
203.9,1035.914,cutting,0
204.0,955.53,cutting,0
204.1,1088.679,cutting,0
204.2,1041.879,cutting,0
204.3,1009.412,cutting,0
204.4,1062.908,cutting,0
204.5,1081.612,cutting,0
204.6,1009.616,cutting,0
204.7,994.242,cutting,0
204.8,1095.947,cutting,0
204.9,998.591,cutting,0
205.0,1047.893,cutting,0
205.1,1026.455,cutting,0
205.2,931.71,cutting,0
205.3,1006.301,cutting,0
205.4,1002.9,cutting,0
205.5,1034.262,cutting,0
205.6,999.431,cutting,0
205.7,1031.319,cutting,0
205.8,1043.691,cutting,0
205.9,1034.75,cutting,0
206.0,1108.411,cutting,0
206.1,1086.259,cutting,0
206.2,1101.147,cutting,0
206.3,1048.776,cutting,0
206.4,1062.88,cutting,0
206.5,973.163,cutting,0
206.6,971.677,cutting,0
206.7,1020.177,cutting,0
206.8,974.546,cutting,0
206.9,972.878,cutting,0
207.0,1002.483,cutting,0
207.1,955.281,cutting,0
207.2,1032.062,cutting,0
207.3,1056.994,cutting,0
207.4,1037.851,cutting,0
207.5,1012.956,cutting,0
207.6,1110.74,cutting,0
207.7,1054.732,cutting,0
207.8,990.098,cutting,0
207.9,990.167,cutting,0
208.0,939.997,cutting,0
208.1,925.533,cutting,0
208.2,915.25,cutting,0
208.3,955.53,cutting,0
208.4,1008.296,cutting,0
208.5,1032.607,cutting,0
208.6,1017.774,cutting,0
208.7,1072.101,cutting,0
208.8,1066.958,cutting,0
208.9,1011.743,cutting,0
209.0,1021.074,cutting,0
209.1,1052.975,cutting,0
209.2,1054.281,cutting,0
209.3,1053.41,cutting,0
209.4,952.263,cutting,0
209.5,920.809,cutting,0
209.6,1054.118,cutting,0
209.7,973.878,cutting,0
209.8,1025.791,cutting,0
209.9,1004.031,cutting,0
210.0,969.144,cutting,0
210.1,1081.962,cutting,0
210.2,1061.323,cutting,0
210.3,1103.809,cutting,0
210.4,1073.694,cutting,0
210.5,1011.613,cutting,0
210.6,1033.619,cutting,0
210.7,1055.439,cutting,0
210.8,981.013,cutting,0
210.9,999.334,cutting,0
211.0,1025.88,cutting,0
211.1,940.118,cutting,0
211.2,975.715,cutting,0
211.3,1005.803,cutting,0
211.4,1047.739,cutting,0
211.5,1025.95,cutting,0
211.6,1017.287,cutting,0
211.7,1070.808,cutting,0
211.8,1032.044,cutting,0
211.9,1063.985,cutting,0
212.0,1051.782,cutting,0
212.1,1018.312,cutting,0
212.2,1040.11,cutting,0
212.3,1037.863,cutting,0
212.4,941.181,cutting,0
212.5,1002.044,cutting,0
212.6,981.322,cutting,0
212.7,985.943,cutting,0
212.8,1013.144,cutting,0
212.9,1066.792,cutting,0
213.0,1034.37,cutting,0
213.1,1038.334,cutting,0
213.2,1009.925,cutting,0
213.3,1045.758,cutting,0
213.4,1043.049,cutting,0
213.5,996.49,cutting,0
213.6,1004.145,cutting,0
213.7,1017.29,cutting,0
213.8,1038.516,cutting,0
213.9,974.721,cutting,0
214.0,1056.166,cutting,0
214.1,1029.067,cutting,0
214.2,1037.272,cutting,0
214.3,1042.816,cutting,0
214.4,1040.34,cutting,0
214.5,1026.391,cutting,0
214.6,1052.24,cutting,0
214.7,1056.317,cutting,0
214.8,1053.005,cutting,0
214.9,1089.361,cutting,0
215.0,1090.741,cutting,0
215.1,1024.68,cutting,0
215.2,1028.933,cutting,0
215.3,962.935,cutting,0
215.4,917.104,cutting,0
215.5,989.247,cutting,0
215.6,1012.955,cutting,0
215.7,1068.132,cutting,0
215.8,1118.874,cutting,0
215.9,1056.179,cutting,0
216.0,1100.403,cutting,0
216.1,1095.145,cutting,0
216.2,1058.653,cutting,0
216.3,1069.338,cutting,0
216.4,1039.496,cutting,0
216.5,1065.26,cutting,0
216.6,960.849,cutting,0
216.7,908.132,cutting,0
216.8,991.597,cutting,0
216.9,1023.609,cutting,0
217.0,1038.185,cutting,0
217.1,995.576,cutting,0
217.2,1049.795,cutting,0
217.3,1021.48,cutting,0
217.4,1077.646,cutting,0
217.5,1031.013,cutting,0
217.6,1016.195,cutting,0
217.7,1077.404,cutting,0
217.8,986.984,cutting,0
217.9,964.028,cutting,0
218.0,1029.311,cutting,0
218.1,995.033,cutting,0
218.2,906.248,cutting,0
218.3,1031.022,cutting,0
218.4,955.21,cutting,0
218.5,995.48,cutting,0
218.6,1022.624,cutting,0
218.7,1111.443,cutting,0
218.8,1050.924,cutting,0
218.9,1088.598,cutting,0
219.0,1050.646,cutting,0
219.1,1065.647,cutting,0
219.2,985.848,cutting,0
219.3,1020.11,cutting,0
219.4,983.991,cutting,0
219.5,958.444,cutting,0
219.6,998.273,cutting,0
219.7,1024.718,cutting,0
219.8,1011.94,cutting,0
219.9,996.313,cutting,0
220.0,1080.137,cutting,1
220.1,884.256,cutting,1
220.2,1107.031,cutting,1
220.3,932.274,cutting,1
220.4,1193.772,cutting,1
220.5,1044.237,cutting,1
220.6,861.078,cutting,1
220.7,1174.035,cutting,1
220.8,853.17,cutting,1
220.9,1149.748,cutting,1
221.0,922.44,cutting,1
221.1,906.608,cutting,1
221.2,1091.332,cutting,1
221.3,947.653,cutting,1
221.4,1014.017,cutting,1
221.5,1110.773,cutting,1
221.6,900.678,cutting,1
221.7,1291.399,cutting,1
221.8,873.941,cutting,1
221.9,1089.209,cutting,1
222.0,1085.773,cutting,1
222.1,990.643,cutting,1
222.2,1073.238,cutting,1
222.3,926.943,cutting,1
222.4,1008.38,cutting,1
222.5,864.905,cutting,1
222.6,913.893,cutting,1
222.7,1262.88,cutting,1
222.8,859.059,cutting,1
222.9,981.549,cutting,1
223.0,951.179,cutting,1
223.1,974.462,cutting,1
223.2,1280.342,cutting,1
223.3,922.08,cutting,1
223.4,1101.204,cutting,1
223.5,996.404,cutting,1
223.6,1016.942,cutting,1
223.7,1146.81,cutting,1
223.8,701.354,cutting,1
223.9,1024.315,cutting,1
224.0,1048.696,cutting,1
224.1,959.422,cutting,1
224.2,960.688,cutting,1
224.3,865.494,cutting,1
224.4,1033.702,cutting,1
224.5,859.304,cutting,1
224.6,999.599,cutting,1
224.7,1233.598,cutting,1
224.8,956.701,cutting,1
224.9,1035.043,cutting,1
225.0,1031.683,cutting,1
225.1,948.711,cutting,1
225.2,1111.274,cutting,1
225.3,924.773,cutting,1
225.4,959.489,cutting,1
225.5,996.602,cutting,1
225.6,1077.667,cutting,1
225.7,1134.23,cutting,1
225.8,925.28,cutting,1
225.9,1116.843,cutting,1
226.0,975.358,cutting,1
226.1,859.494,cutting,1
226.2,1321.753,cutting,1
226.3,965.671,cutting,1
226.4,985.824,cutting,1
226.5,1042.636,cutting,1
226.6,857.152,cutting,1
226.7,1028.804,cutting,1
226.8,864.4,cutting,1
226.9,947.767,cutting,1
227.0,932.953,cutting,1
227.1,917.915,cutting,1
227.2,1138.717,cutting,1
227.3,919.366,cutting,1
227.4,1184.339,cutting,1
227.5,1040.686,cutting,1
227.6,962.423,cutting,1
227.7,1043.549,cutting,1
227.8,933.109,cutting,1
227.9,1145.301,cutting,1
228.0,922.498,cutting,1
228.1,1048.055,cutting,1
228.2,1080.879,cutting,1
228.3,709.276,cutting,1
228.4,1075.319,cutting,1
228.5,1124.255,cutting,1
228.6,896.175,cutting,1
228.7,1164.759,cutting,1
228.8,997.885,cutting,1
228.9,1092.386,cutting,1
229.0,1105.226,cutting,1
229.1,1061.03,cutting,1
229.2,1207.327,cutting,1
229.3,760.071,cutting,1
229.4,1077.074,cutting,1
229.5,1021.594,cutting,1
229.6,958.423,cutting,1
229.7,1176.137,cutting,1
229.8,860.933,cutting,1
229.9,1086.003,cutting,1
230.0,466.296,unload,1
230.1,441.786,unload,1
230.2,723.068,unload,1
230.3,374.109,unload,1
230.4,655.52,unload,1
230.5,507.303,unload,1
230.6,525.049,unload,1
230.7,619.767,unload,1
230.8,506.22,unload,1
230.9,651.491,unload,1
231.0,648.922,unload,1
231.1,420.844,unload,1
231.2,677.409,unload,1
231.3,555.388,unload,1
231.4,458.749,unload,1
231.5,515.044,unload,1
231.6,504.981,unload,1
231.7,782.35,unload,1
231.8,536.946,unload,1
231.9,685.368,unload,1
232.0,616.83,unload,1
232.1,592.855,unload,1
232.2,702.885,unload,1
232.3,453.006,unload,1
232.4,579.506,unload,1
232.5,591.062,unload,1
232.6,514.254,unload,1
232.7,798.561,unload,1
232.8,443.904,unload,1
232.9,686.869,unload,1
233.0,547.62,unload,1
233.1,521.521,unload,1
233.2,735.157,unload,1
233.3,463.96,unload,1
233.4,600.53,unload,1
233.5,645.08,unload,1
233.6,595.605,unload,1
233.7,738.389,unload,1
233.8,543.892,unload,1
233.9,575.367,unload,1
234.0,650.28,unload,1
234.1,516.067,unload,1
234.2,635.82,unload,1
234.3,531.924,unload,1
234.4,585.744,unload,1
234.5,599.164,unload,1
234.6,628.59,unload,1
234.7,665.184,unload,1
234.8,414.297,unload,1
234.9,752.847,unload,1
235.0,639.29,unload,1
235.1,572.758,unload,1
235.2,604.178,unload,1
235.3,448.57,unload,1
235.4,797.547,unload,1
235.5,521.211,unload,1
235.6,483.985,unload,1
235.7,706.576,unload,1
235.8,482.516,unload,1
235.9,637.49,unload,1
236.0,419.337,unload,1
236.1,569.977,unload,1
236.2,637.931,unload,1
236.3,533.441,unload,1
236.4,759.883,unload,1
236.5,555.766,unload,1
236.6,540.448,unload,1
236.7,818.302,unload,1
236.8,651.204,unload,1
236.9,741.087,unload,1
237.0,551.16,unload,1
237.1,572.241,unload,1
237.2,634.215,unload,1
237.3,583.028,unload,1
237.4,711.826,unload,1
237.5,685.499,unload,1
237.6,326.408,unload,1
237.7,685.895,unload,1
237.8,462.624,unload,1
237.9,616.578,unload,1
238.0,504.94,unload,1
238.1,579.076,unload,1
238.2,655.842,unload,1
238.3,629.081,unload,1
238.4,640.677,unload,1
238.5,554.427,unload,1
238.6,468.181,unload,1
238.7,748.05,unload,1
238.8,511.032,unload,1
238.9,554.218,unload,1
239.0,353.941,unload,1
239.1,503.166,unload,1
239.2,665.689,unload,1
239.3,472.927,unload,1
239.4,607.774,unload,1
239.5,600.673,unload,1
239.6,423.437,unload,1
239.7,733.484,unload,1
239.8,466.848,unload,1
239.9,727.007,unload,1
240.0,397.839,idle,1
240.1,392.023,idle,1
240.2,510.719,idle,1
240.3,287.541,idle,1
240.4,439.513,idle,1
240.5,324.621,idle,1
240.6,364.489,idle,1
240.7,533.576,idle,1
240.8,427.659,idle,1
240.9,532.046,idle,1
241.0,547.525,idle,1
241.1,473.781,idle,1
241.2,556.427,idle,1
241.3,229.096,idle,1
241.4,485.621,idle,1
241.5,478.737,idle,1
241.6,341.525,idle,1
241.7,622.143,idle,1
241.8,279.921,idle,1
241.9,502.687,idle,1
242.0,489.644,idle,1
242.1,391.669,idle,1
242.2,564.006,idle,1
242.3,316.733,idle,1
242.4,528.459,idle,1
242.5,431.05,idle,1
242.6,417.984,idle,1
242.7,496.608,idle,1
242.8,509.055,idle,1
242.9,517.563,idle,1
243.0,355.062,idle,1
243.1,231.266,idle,1
243.2,466.658,idle,1
243.3,326.498,idle,1
243.4,445.636,idle,1
243.5,498.947,idle,1
243.6,321.549,idle,1
243.7,460.379,idle,1
243.8,276.025,idle,1
243.9,445.44,idle,1
244.0,403.489,idle,1
244.1,268.754,idle,1
244.2,516.546,idle,1
244.3,173.471,idle,1
244.4,497.666,idle,1
244.5,418.255,idle,1
244.6,342.897,idle,1
244.7,480.55,idle,1
244.8,309.22,idle,1
244.9,498.965,idle,1
245.0,308.177,idle,1
245.1,418.716,idle,1
245.2,519.087,idle,1
245.3,342.461,idle,1
245.4,588.442,idle,1
245.5,346.901,idle,1
245.6,281.476,idle,1
245.7,454.962,idle,1
245.8,299.853,idle,1
245.9,416.035,idle,1
246.0,354.732,idle,1
246.1,475.009,idle,1
246.2,523.533,idle,1
246.3,342.621,idle,1
246.4,565.519,idle,1
246.5,515.333,idle,1
246.6,258.366,idle,1
246.7,571.347,idle,1
246.8,345.229,idle,1
246.9,564.886,idle,1
247.0,371.109,idle,1
247.1,314.006,idle,1
247.2,556.185,idle,1
247.3,313.593,idle,1
247.4,469.078,idle,1
247.5,368.429,idle,1
247.6,325.675,idle,1
247.7,507.647,idle,1
247.8,317.53,idle,1
247.9,440.365,idle,1
248.0,332.542,idle,1
248.1,306.207,idle,1
248.2,516.394,idle,1
248.3,383.624,idle,1
248.4,459.21,idle,1
248.5,271.375,idle,1
248.6,503.901,idle,1
248.7,619.142,idle,1
248.8,357.383,idle,1
248.9,518.854,idle,1
249.0,425.318,idle,1
249.1,463.412,idle,1
249.2,458.748,idle,1
249.3,365.385,idle,1
249.4,552.785,idle,1
249.5,589.534,idle,1
249.6,343.769,idle,1
249.7,633.707,idle,1
249.8,340.579,idle,1
249.9,432.947,idle,1
250.0,311.566,ramp_up,1
250.1,468.278,ramp_up,1
250.2,466.972,ramp_up,1
250.3,328.781,ramp_up,1
250.4,649.146,ramp_up,1
250.5,413.144,ramp_up,1
250.6,473.27,ramp_up,1
250.7,755.424,ramp_up,1
250.8,534.233,ramp_up,1
250.9,657.206,ramp_up,1
251.0,498.333,ramp_up,1
251.1,605.23,ramp_up,1
251.2,710.298,ramp_up,1
251.3,463.754,ramp_up,1
251.4,590.307,ramp_up,1
251.5,469.037,ramp_up,1
251.6,571.733,ramp_up,1
251.7,693.35,ramp_up,1
251.8,396.562,ramp_up,1
251.9,768.5,ramp_up,1
252.0,685.537,ramp_up,1
252.1,561.278,ramp_up,1
252.2,759.025,ramp_up,1
252.3,619.382,ramp_up,1
252.4,828.745,ramp_up,1
252.5,664.185,ramp_up,1
252.6,721.91,ramp_up,1
252.7,855.91,ramp_up,1
252.8,578.153,ramp_up,1
252.9,825.747,ramp_up,1
253.0,787.282,ramp_up,1
253.1,828.355,ramp_up,1
253.2,955.918,ramp_up,1
253.3,558.377,ramp_up,1
253.4,812.996,ramp_up,1
253.5,905.794,ramp_up,1
253.6,808.243,ramp_up,1
253.7,916.368,ramp_up,1
253.8,726.733,ramp_up,1
253.9,1074.787,ramp_up,1
254.0,743.513,ramp_up,1
254.1,937.126,ramp_up,1
254.2,1099.184,ramp_up,1
254.3,787.578,ramp_up,1
254.4,1017.297,ramp_up,1
254.5,998.72,ramp_up,1
254.6,912.228,ramp_up,1
254.7,1109.115,ramp_up,1
254.8,975.513,ramp_up,1
254.9,1044.276,ramp_up,1
255.0,1072.449,cutting,1
255.1,936.788,cutting,1
255.2,1071.21,cutting,1
255.3,854.156,cutting,1
255.4,1152.082,cutting,1
255.5,791.459,cutting,1
255.6,939.128,cutting,1
255.7,1081.912,cutting,1
255.8,828.274,cutting,1
255.9,1156.735,cutting,1
256.0,1060.348,cutting,1
256.1,1029.106,cutting,1
256.2,1150.765,cutting,1
256.3,953.313,cutting,1
256.4,1240.413,cutting,1
256.5,1039.784,cutting,1
256.6,957.069,cutting,1
256.7,1112.729,cutting,1
256.8,924.64,cutting,1
256.9,989.042,cutting,1
257.0,1090.786,cutting,1
257.1,958.225,cutting,1
257.2,1294.319,cutting,1
257.3,965.497,cutting,1
257.4,1047.621,cutting,1
257.5,1133.788,cutting,1
257.6,1037.792,cutting,1
257.7,1223.039,cutting,1
257.8,889.978,cutting,1
257.9,1008.819,cutting,1
258.0,1036.288,cutting,1
258.1,910.223,cutting,1
258.2,1154.819,cutting,1
258.3,881.328,cutting,1
258.4,1002.065,cutting,1
258.5,1040.501,cutting,1
258.6,912.643,cutting,1
258.7,1130.784,cutting,1
258.8,908.949,cutting,1
258.9,1089.484,cutting,1
259.0,1054.938,cutting,1
259.1,1001.189,cutting,1
259.2,1264.894,cutting,1
259.3,819.569,cutting,1
259.4,1093.294,cutting,1
259.5,995.225,cutting,1
259.6,997.926,cutting,1
259.7,1076.07,cutting,1
259.8,1029.89,cutting,1
259.9,1198.296,cutting,1
260.0,1035.181,cutting,0
260.1,992.147,cutting,0
260.2,1013.261,cutting,0
260.3,1102.396,cutting,0
260.4,1059.441,cutting,0
260.5,1029.917,cutting,0
260.6,1098.649,cutting,0
260.7,1064.163,cutting,0
260.8,1032.37,cutting,0
260.9,960.885,cutting,0
261.0,986.364,cutting,0
261.1,1035.949,cutting,0
261.2,920.589,cutting,0
261.3,946.634,cutting,0
261.4,988.145,cutting,0
261.5,1064.402,cutting,0
261.6,1051.967,cutting,0
261.7,1068.864,cutting,0
261.8,1061.781,cutting,0
261.9,1054.371,cutting,0
262.0,1082.297,cutting,0
262.1,1151.095,cutting,0
262.2,1027.675,cutting,0
262.3,1043.163,cutting,0
262.4,973.436,cutting,0
262.5,1040.547,cutting,0
262.6,991.955,cutting,0
262.7,1004.281,cutting,0
262.8,995.764,cutting,0
262.9,1000.581,cutting,0
263.0,1022.152,cutting,0
263.1,1017.392,cutting,0
263.2,1010.637,cutting,0
263.3,1116.802,cutting,0
263.4,1059.817,cutting,0
263.5,1065.489,cutting,0
263.6,1033.614,cutting,0
263.7,952.396,cutting,0
263.8,992.07,cutting,0
263.9,954.911,cutting,0
264.0,959.326,cutting,0
264.1,991.027,cutting,0
264.2,1013.348,cutting,0
264.3,1025.894,cutting,0
264.4,1041.729,cutting,0
264.5,1038.769,cutting,0
264.6,1055.929,cutting,0
264.7,1097.799,cutting,0
264.8,1123.459,cutting,0
264.9,1074.291,cutting,0
265.0,1012.755,cutting,0
265.1,1019.212,cutting,0
265.2,1026.894,cutting,0
265.3,1021.544,cutting,0
265.4,1028.639,cutting,0
265.5,1035.338,cutting,0
265.6,1017.693,cutting,0
265.7,1008.528,cutting,0
265.8,979.772,cutting,0
265.9,1083.198,cutting,0
266.0,1075.112,cutting,0
266.1,1025.294,cutting,0
266.2,1050.421,cutting,0
266.3,1025.197,cutting,0
266.4,1009.384,cutting,0
266.5,1070.222,cutting,0
266.6,983.814,cutting,0
266.7,1072.283,cutting,0
266.8,980.613,cutting,0
266.9,964.537,cutting,0
267.0,1004.191,cutting,0
267.1,1097.656,cutting,0
267.2,1023.511,cutting,0
267.3,1060.297,cutting,0
267.4,972.895,cutting,0
267.5,1075.6,cutting,0
267.6,1003.884,cutting,0
267.7,1038.273,cutting,0
267.8,1076.247,cutting,0
267.9,1004.693,cutting,0
268.0,1024.471,cutting,0
268.1,981.494,cutting,0
268.2,973.356,cutting,0
268.3,997.136,cutting,0
268.4,1033.942,cutting,0
268.5,1012.582,cutting,0
268.6,1023.691,cutting,0
268.7,1005.278,cutting,0
268.8,990.634,cutting,0
268.9,1059.152,cutting,0
269.0,1046.868,cutting,0
269.1,1054.833,cutting,0
269.2,1069.061,cutting,0
269.3,1046.317,cutting,0
269.4,972.365,cutting,0
269.5,1000.49,cutting,0
269.6,995.237,cutting,0
269.7,977.357,cutting,0
269.8,914.24,cutting,0
269.9,976.875,cutting,0
270.0,1016.445,cutting,0
270.1,1061.005,cutting,0
270.2,1035.734,cutting,0
270.3,1004.828,cutting,0
270.4,1101.546,cutting,0
270.5,1046.566,cutting,0
270.6,1020.437,cutting,0
270.7,1040.269,cutting,0
270.8,1030.737,cutting,0
270.9,991.142,cutting,0
271.0,965.69,cutting,0
271.1,964.772,cutting,0
271.2,1017.569,cutting,0
271.3,995.714,cutting,0
271.4,1032.263,cutting,0
271.5,963.343,cutting,0
271.6,1025.921,cutting,0
271.7,1038.387,cutting,0
271.8,1037.619,cutting,0
271.9,981.792,cutting,0
272.0,1024.079,cutting,0
272.1,1080.577,cutting,0
272.2,1020.988,cutting,0
272.3,978.331,cutting,0
272.4,962.225,cutting,0
272.5,936.624,cutting,0
272.6,995.262,cutting,0
272.7,969.267,cutting,0
272.8,996.355,cutting,0
272.9,1056.598,cutting,0
273.0,1072.422,cutting,0
273.1,1071.166,cutting,0
273.2,995.826,cutting,0
273.3,1031.611,cutting,0
273.4,1083.952,cutting,0
273.5,988.189,cutting,0
273.6,1058.242,cutting,0
273.7,999.055,cutting,0
273.8,1022.309,cutting,0
273.9,969.435,cutting,0
274.0,944.614,cutting,0
274.1,957.665,cutting,0
274.2,1056.702,cutting,0
274.3,1009.538,cutting,0
274.4,992.669,cutting,0
274.5,1075.478,cutting,0
274.6,998.963,cutting,0
274.7,1046.8,cutting,0
274.8,1057.405,cutting,0
274.9,1043.735,cutting,0
275.0,1033.35,cutting,0
275.1,1000.514,cutting,0
275.2,905.481,cutting,0
275.3,993.196,cutting,0
275.4,982.577,cutting,0
275.5,983.229,cutting,0
275.6,1018.773,cutting,0
275.7,1043.148,cutting,0
275.8,1038.831,cutting,0
275.9,1096.483,cutting,0
276.0,1128.555,cutting,0
276.1,1063.213,cutting,0
276.2,1035.835,cutting,0
276.3,991.893,cutting,0
276.4,1043.039,cutting,0
276.5,945.434,cutting,0
276.6,1053.494,cutting,0
276.7,1020.14,cutting,0
276.8,965.118,cutting,0
276.9,1011.618,cutting,0
277.0,967.384,cutting,0
277.1,973.297,cutting,0
277.2,1053.875,cutting,0
277.3,1005.129,cutting,0
277.4,1058.707,cutting,0
277.5,1048.926,cutting,0
277.6,1104.817,cutting,0
277.7,1051.717,cutting,0
277.8,1082.42,cutting,0
277.9,1042.172,cutting,0
278.0,970.928,cutting,0
278.1,946.87,cutting,0
278.2,909.561,cutting,0
278.3,986.993,cutting,0
278.4,897.011,cutting,0
278.5,978.752,cutting,0
278.6,938.277,cutting,0
278.7,1015.239,cutting,0
278.8,1072.514,cutting,0
278.9,1022.247,cutting,0
279.0,1032.118,cutting,0
279.1,1027.68,cutting,0
279.2,1040.454,cutting,0
279.3,964.116,cutting,0
279.4,1005.023,cutting,0
279.5,986.146,cutting,0
279.6,947.476,cutting,0
279.7,949.714,cutting,0
279.8,1033.38,cutting,0
279.9,1028.411,cutting,0
280.0,1032.94,cutting,0
280.1,1003.602,cutting,0
280.2,1032.788,cutting,0
280.3,1006.215,cutting,0
280.4,990.539,cutting,0
280.5,1029.629,cutting,0
280.6,1013.645,cutting,0
280.7,976.256,cutting,0
280.8,962.092,cutting,0
280.9,1005.041,cutting,0
281.0,968.096,cutting,0
281.1,927.614,cutting,0
281.2,1059.479,cutting,0
281.3,937.925,cutting,0
281.4,1020.618,cutting,0
281.5,993.186,cutting,0
281.6,1065.178,cutting,0
281.7,1052.546,cutting,0
281.8,1087.982,cutting,0
281.9,1045.732,cutting,0
282.0,1011.595,cutting,0
282.1,1074.564,cutting,0
282.2,1006.769,cutting,0
282.3,987.835,cutting,0
282.4,980.473,cutting,0
282.5,956.995,cutting,0
282.6,998.098,cutting,0
282.7,1053.868,cutting,0
282.8,1061.063,cutting,0
282.9,1034.439,cutting,0
283.0,1060.6,cutting,0
283.1,1074.293,cutting,0
283.2,1030.119,cutting,0
283.3,1102.152,cutting,0
283.4,1050.161,cutting,0
283.5,964.666,cutting,0
283.6,1034.614,cutting,0
283.7,966.691,cutting,0
283.8,998.379,cutting,0
283.9,1006.335,cutting,0
284.0,973.21,cutting,0
284.1,1001.497,cutting,0
284.2,1051.735,cutting,0
284.3,971.306,cutting,0
284.4,968.228,cutting,0
284.5,1041.387,cutting,0
284.6,1043.25,cutting,0
284.7,1123.878,cutting,0
284.8,1079.043,cutting,0
284.9,1050.572,cutting,0
285.0,1013.684,cutting,0
285.1,934.567,cutting,0
285.2,943.819,cutting,0
285.3,971.762,cutting,0
285.4,989.141,cutting,0
285.5,973.762,cutting,0
285.6,1003.982,cutting,0
285.7,1039.218,cutting,0
285.8,1004.924,cutting,0
285.9,1027.503,cutting,0
286.0,1016.221,cutting,0
286.1,1093.834,cutting,0
286.2,975.511,cutting,0
286.3,1056.47,cutting,0
286.4,1047.983,cutting,0
286.5,934.787,cutting,0
286.6,975.778,cutting,0
286.7,1021.931,cutting,0
286.8,950.024,cutting,0
286.9,965.639,cutting,0
287.0,994.431,cutting,0
287.1,1055.951,cutting,0
287.2,1046.82,cutting,0
287.3,1014.766,cutting,0
287.4,999.893,cutting,0
287.5,998.549,cutting,0
287.6,1059.678,cutting,0
287.7,962.625,cutting,0
287.8,1004.64,cutting,0
287.9,1030.355,cutting,0
288.0,953.484,cutting,0
288.1,974.107,cutting,0
288.2,977.224,cutting,0
288.3,1009.854,cutting,0
288.4,944.839,cutting,0
288.5,1007.604,cutting,0
288.6,1018.409,cutting,0
288.7,1038.35,cutting,0
288.8,990.38,cutting,0
288.9,1068.426,cutting,0
289.0,1019.759,cutting,0
289.1,1037.485,cutting,0
289.2,999.159,cutting,0
289.3,1081.674,cutting,0
289.4,1001.126,cutting,0
289.5,1062.604,cutting,0
289.6,959.787,cutting,0
289.7,972.454,cutting,0
289.8,1040.728,cutting,0
289.9,988.356,cutting,0
290.0,605.971,unload,0
290.1,618.782,unload,0
290.2,591.368,unload,0
290.3,585.884,unload,0
290.4,593.592,unload,0
290.5,616.289,unload,0
290.6,605.784,unload,0
290.7,621.291,unload,0
290.8,593.339,unload,0
290.9,589.507,unload,0
291.0,577.793,unload,0
291.1,592.711,unload,0
291.2,587.463,unload,0
291.3,595.939,unload,0
291.4,581.168,unload,0
291.5,585.23,unload,0
291.6,592.495,unload,0
291.7,615.488,unload,0
291.8,592.099,unload,0
291.9,587.789,unload,0
292.0,616.555,unload,0
292.1,622.309,unload,0
292.2,592.742,unload,0
292.3,593.489,unload,0
292.4,565.533,unload,0
292.5,570.11,unload,0
292.6,597.26,unload,0
292.7,623.058,unload,0
292.8,631.276,unload,0
292.9,612.941,unload,0
293.0,589.43,unload,0
293.1,607.385,unload,0
293.2,571.775,unload,0
293.3,596.714,unload,0
293.4,576.926,unload,0
293.5,598.258,unload,0
293.6,623.985,unload,0
293.7,637.336,unload,0
293.8,602.058,unload,0
293.9,605.325,unload,0
294.0,568.432,unload,0
294.1,586.469,unload,0
294.2,625.553,unload,0
294.3,619.115,unload,0
294.4,613.211,unload,0
294.5,606.298,unload,0
294.6,627.83,unload,0
294.7,593.63,unload,0
294.8,594.808,unload,0
294.9,648.764,unload,0
295.0,582.815,unload,0
295.1,606.327,unload,0
295.2,591.501,unload,0
295.3,625.217,unload,0
295.4,593.508,unload,0
295.5,592.062,unload,0
295.6,592.666,unload,0
295.7,612.793,unload,0
295.8,580.182,unload,0
295.9,571.585,unload,0
296.0,596.102,unload,0
296.1,591.859,unload,0
296.2,607.961,unload,0
296.3,592.037,unload,0
296.4,587.362,unload,0
296.5,603.434,unload,0
296.6,605.997,unload,0
296.7,616.633,unload,0
296.8,599.45,unload,0
296.9,565.651,unload,0
297.0,597.443,unload,0
297.1,598.428,unload,0
297.2,596.501,unload,0
297.3,607.879,unload,0
297.4,593.199,unload,0
297.5,618.374,unload,0
297.6,593.047,unload,0
297.7,623.518,unload,0
297.8,578.298,unload,0
297.9,555.877,unload,0
298.0,580.951,unload,0
298.1,649.612,unload,0
298.2,593.673,unload,0
298.3,596.332,unload,0
298.4,603.235,unload,0
298.5,590.695,unload,0
298.6,603.151,unload,0
298.7,600.617,unload,0
298.8,635.664,unload,0
298.9,620.113,unload,0
299.0,603.419,unload,0
299.1,611.135,unload,0
299.2,609.495,unload,0
299.3,579.119,unload,0
299.4,618.798,unload,0
299.5,587.234,unload,0
299.6,612.938,unload,0
299.7,601.238,unload,0
299.8,615.065,unload,0
299.9,624.379,unload,0
300.0,424.15,idle,0
300.1,415.586,idle,0
300.2,416.934,idle,0
300.3,423.991,idle,0
300.4,416.121,idle,0
300.5,416.39,idle,0
300.6,418.507,idle,0
300.7,416.593,idle,0
300.8,423.668,idle,0
300.9,415.853,idle,0
301.0,420.22,idle,0
301.1,413.612,idle,0
301.2,405.586,idle,0
301.3,425.859,idle,0
301.4,427.307,idle,0
301.5,415.475,idle,0
301.6,425.93,idle,0
301.7,421.976,idle,0
301.8,410.191,idle,0
301.9,428.967,idle,0
302.0,403.535,idle,0
302.1,419.067,idle,0
302.2,425.278,idle,0
302.3,410.669,idle,0
302.4,432.371,idle,0
302.5,414.816,idle,0
302.6,429.572,idle,0
302.7,418.033,idle,0
302.8,425.063,idle,0
302.9,419.158,idle,0
303.0,438.607,idle,0
303.1,422.905,idle,0
303.2,427.866,idle,0
303.3,425.454,idle,0
303.4,421.234,idle,0
303.5,417.669,idle,0
303.6,422.994,idle,0
303.7,427.706,idle,0
303.8,427.038,idle,0
303.9,424.16,idle,0
304.0,418.748,idle,0
304.1,425.504,idle,0
304.2,411.915,idle,0
304.3,419.705,idle,0
304.4,403.512,idle,0
304.5,414.424,idle,0
304.6,418.654,idle,0
304.7,408.614,idle,0
304.8,410.753,idle,0
304.9,427.474,idle,0
305.0,424.006,idle,0
305.1,428.74,idle,0
305.2,429.394,idle,0
305.3,425.194,idle,0
305.4,426.453,idle,0
305.5,422.452,idle,0
305.6,430.37,idle,0
305.7,407.885,idle,0
305.8,418.734,idle,0
305.9,428.415,idle,0
306.0,426.887,idle,0
306.1,420.688,idle,0
306.2,417.518,idle,0
306.3,426.876,idle,0
306.4,418.811,idle,0
306.5,411.177,idle,0
306.6,429.479,idle,0
306.7,417.126,idle,0
306.8,421.636,idle,0
306.9,407.177,idle,0
307.0,399.65,idle,0
307.1,423.768,idle,0
307.2,433.442,idle,0
307.3,401.907,idle,0
307.4,416.033,idle,0
307.5,424.636,idle,0
307.6,421.676,idle,0
307.7,420.65,idle,0
307.8,419.909,idle,0
307.9,412.432,idle,0
308.0,428.943,idle,0
308.1,427.853,idle,0
308.2,423.078,idle,0
308.3,401.772,idle,0
308.4,433.592,idle,0
308.5,419.712,idle,0
308.6,424.365,idle,0
308.7,435.556,idle,0
308.8,430.635,idle,0
308.9,419.433,idle,0
309.0,428.743,idle,0
309.1,424.954,idle,0
309.2,415.501,idle,0
309.3,421.24,idle,0
309.4,406.019,idle,0
309.5,407.58,idle,0
309.6,421.73,idle,0
309.7,431.51,idle,0
309.8,412.326,idle,0
309.9,429.811,idle,0
310.0,422.108,ramp_up,0
310.1,453.902,ramp_up,0
310.2,440.023,ramp_up,0
310.3,491.894,ramp_up,0
310.4,473.759,ramp_up,0
310.5,477.496,ramp_up,0
310.6,495.388,ramp_up,0
310.7,482.318,ramp_up,0
310.8,520.524,ramp_up,0
310.9,524.517,ramp_up,0
311.0,546.387,ramp_up,0
311.1,548.431,ramp_up,0
311.2,531.629,ramp_up,0
311.3,544.962,ramp_up,0
311.4,580.377,ramp_up,0
311.5,584.993,ramp_up,0
311.6,622.803,ramp_up,0
311.7,611.208,ramp_up,0
311.8,641.542,ramp_up,0
311.9,646.177,ramp_up,0
312.0,678.782,ramp_up,0
312.1,673.242,ramp_up,0
312.2,686.543,ramp_up,0
312.3,683.909,ramp_up,0
312.4,712.621,ramp_up,0
312.5,728.179,ramp_up,0
312.6,730.69,ramp_up,0
312.7,752.65,ramp_up,0
312.8,743.548,ramp_up,0
312.9,765.43,ramp_up,0
313.0,784.977,ramp_up,0
313.1,788.301,ramp_up,0
313.2,818.862,ramp_up,0
313.3,823.813,ramp_up,0
313.4,820.642,ramp_up,0
313.5,828.865,ramp_up,0
313.6,851.957,ramp_up,0
313.7,855.329,ramp_up,0
313.8,871.283,ramp_up,0
313.9,874.542,ramp_up,0
314.0,909.403,ramp_up,0
314.1,914.145,ramp_up,0
314.2,927.7,ramp_up,0
314.3,945.95,ramp_up,0
314.4,920.434,ramp_up,0
314.5,960.529,ramp_up,0
314.6,969.143,ramp_up,0
314.7,992.281,ramp_up,0
314.8,1002.171,ramp_up,0
314.9,1014.384,ramp_up,0
315.0,1065.825,cutting,0
315.1,939.676,cutting,0
315.2,955.874,cutting,0
315.3,1028.97,cutting,0
315.4,1036.555,cutting,0
315.5,963.337,cutting,0
315.6,1042.754,cutting,0
315.7,1048.701,cutting,0
315.8,985.097,cutting,0
315.9,1024.517,cutting,0
316.0,1065.347,cutting,0
316.1,1052.515,cutting,0
316.2,1113.073,cutting,0
316.3,1060.263,cutting,0
316.4,1056.2,cutting,0
316.5,986.389,cutting,0
316.6,953.233,cutting,0
316.7,966.323,cutting,0
316.8,1034.785,cutting,0
316.9,1054.513,cutting,0
317.0,971.217,cutting,0
317.1,1008.791,cutting,0
317.2,941.583,cutting,0
317.3,1087.718,cutting,0
317.4,1007.669,cutting,0
317.5,1086.556,cutting,0
317.6,1096.966,cutting,0
317.7,995.771,cutting,0
317.8,998.26,cutting,0
317.9,1038.826,cutting,0
318.0,1047.559,cutting,0
318.1,971.043,cutting,0
318.2,948.506,cutting,0
318.3,999.704,cutting,0
318.4,1040.613,cutting,0
318.5,970.473,cutting,0
318.6,996.805,cutting,0
318.7,1079.631,cutting,0
318.8,1056.662,cutting,0
318.9,1025.866,cutting,0
319.0,1053.428,cutting,0
319.1,1062.36,cutting,0
319.2,1068.92,cutting,0
319.3,1028.183,cutting,0
319.4,1002.678,cutting,0
319.5,932.737,cutting,0
319.6,1004.536,cutting,0
319.7,1004.052,cutting,0
319.8,1000.202,cutting,0
319.9,1005.747,cutting,0
320.0,1024.267,cutting,0
320.1,1068.363,cutting,0
320.2,1033.875,cutting,0
320.3,1011.463,cutting,0
320.4,1085.928,cutting,0
320.5,1034.972,cutting,0
320.6,1026.862,cutting,0
320.7,1037.206,cutting,0
320.8,998.118,cutting,0
320.9,991.914,cutting,0
321.0,947.338,cutting,0
321.1,1030.9,cutting,0
321.2,943.302,cutting,0
321.3,1047.298,cutting,0
321.4,971.022,cutting,0
321.5,1005.649,cutting,0
321.6,1028.938,cutting,0
321.7,1083.06,cutting,0
321.8,1061.697,cutting,0
321.9,1034.222,cutting,0
322.0,996.558,cutting,0
322.1,1061.29,cutting,0
322.2,1012.178,cutting,0
322.3,1012.088,cutting,0
322.4,981.44,cutting,0
322.5,967.027,cutting,0
322.6,1011.305,cutting,0
322.7,1007.753,cutting,0
322.8,1051.028,cutting,0
322.9,1033.167,cutting,0
323.0,990.773,cutting,0
323.1,1077.308,cutting,0
323.2,1056.514,cutting,0
323.3,1044.188,cutting,0
323.4,934.949,cutting,0
323.5,1000.316,cutting,0
323.6,1021.225,cutting,0
323.7,978.995,cutting,0
323.8,999.13,cutting,0
323.9,1006.016,cutting,0
324.0,985.927,cutting,0
324.1,961.4,cutting,0
324.2,1022.006,cutting,0
324.3,1034.726,cutting,0
324.4,1027.988,cutting,0
324.5,981.667,cutting,0
324.6,1010.73,cutting,0
324.7,1081.611,cutting,0
324.8,1037.544,cutting,0
324.9,971.625,cutting,0
325.0,1013.211,cutting,0
325.1,1006.267,cutting,0
325.2,1014.991,cutting,0
325.3,1000.842,cutting,0
325.4,998.364,cutting,0
325.5,964.167,cutting,0
325.6,943.834,cutting,0
325.7,995.584,cutting,0
325.8,1080.299,cutting,0
325.9,991.798,cutting,0
326.0,1083.95,cutting,0
326.1,1001.393,cutting,0
326.2,1003.118,cutting,0
326.3,1041.586,cutting,0
326.4,994.876,cutting,0
326.5,999.733,cutting,0
326.6,954.651,cutting,0
326.7,991.087,cutting,0
326.8,1013.991,cutting,0
326.9,937.01,cutting,0
327.0,1017.478,cutting,0
327.1,1025.533,cutting,0
327.2,1055.158,cutting,0
327.3,961.363,cutting,0
327.4,1081.964,cutting,0
327.5,1013.31,cutting,0
327.6,1041.635,cutting,0
327.7,1025.475,cutting,0
327.8,991.731,cutting,0
327.9,981.828,cutting,0
328.0,972.542,cutting,0
328.1,993.926,cutting,0
328.2,1009.161,cutting,0
328.3,975.617,cutting,0
328.4,1022.066,cutting,0
328.5,1012.982,cutting,0
328.6,1063.08,cutting,0
328.7,990.864,cutting,0
328.8,1053.122,cutting,0
328.9,1051.68,cutting,0
329.0,1056.487,cutting,0
329.1,1056.238,cutting,0
329.2,1059.556,cutting,0
329.3,1021.296,cutting,0
329.4,1019.714,cutting,0
329.5,980.125,cutting,0
329.6,978.888,cutting,0
329.7,962.535,cutting,0
329.8,1028.982,cutting,0
329.9,1030.882,cutting,0
330.0,1063.162,cutting,0
330.1,1016.991,cutting,0
330.2,1039.161,cutting,0
330.3,1138.55,cutting,0
330.4,1090.334,cutting,0
330.5,996.085,cutting,0
330.6,1060.928,cutting,0
330.7,1032.658,cutting,0
330.8,993.612,cutting,0
330.9,983.158,cutting,0
331.0,955.426,cutting,0
331.1,965.267,cutting,0
331.2,961.882,cutting,0
331.3,958.863,cutting,0
331.4,1000.552,cutting,0
331.5,998.325,cutting,0
331.6,1067.248,cutting,0
331.7,1086.995,cutting,0
331.8,1047.879,cutting,0
331.9,1037.174,cutting,0
332.0,1061.135,cutting,0
332.1,1020.72,cutting,0
332.2,1079.991,cutting,0
332.3,903.791,cutting,0
332.4,904.988,cutting,0
332.5,944.869,cutting,0
332.6,1003.317,cutting,0
332.7,1023.265,cutting,0
332.8,993.176,cutting,0
332.9,1025.573,cutting,0
333.0,1028.893,cutting,0
333.1,1066.258,cutting,0
333.2,1124.126,cutting,0
333.3,971.737,cutting,0
333.4,1120.25,cutting,0
333.5,1066.396,cutting,0
333.6,1003.469,cutting,0
333.7,1017.262,cutting,0
333.8,988.349,cutting,0
333.9,1000.777,cutting,0
334.0,1002.177,cutting,0
334.1,1020.551,cutting,0
334.2,970.882,cutting,0
334.3,1042.466,cutting,0
334.4,1012.749,cutting,0
334.5,1036.833,cutting,0
334.6,1081.131,cutting,0
334.7,1037.407,cutting,0
334.8,1056.549,cutting,0
334.9,1045.279,cutting,0
335.0,1022.644,cutting,0
335.1,961.498,cutting,0
335.2,1009.223,cutting,0
335.3,991.671,cutting,0
335.4,1062.909,cutting,0
335.5,954.492,cutting,0
335.6,1039.392,cutting,0
335.7,1002.369,cutting,0
335.8,1021.679,cutting,0
335.9,1104.845,cutting,0
336.0,1048.046,cutting,0
336.1,1082.259,cutting,0
336.2,1053.576,cutting,0
336.3,1006.668,cutting,0
336.4,1016.313,cutting,0
336.5,993.459,cutting,0
336.6,987.807,cutting,0
336.7,1052.409,cutting,0
336.8,1001.102,cutting,0
336.9,928.294,cutting,0
337.0,1064.981,cutting,0
337.1,1026.362,cutting,0
337.2,1059.847,cutting,0
337.3,1096.843,cutting,0
337.4,1022.647,cutting,0
337.5,1066.47,cutting,0
337.6,1046.468,cutting,0
337.7,1029.926,cutting,0
337.8,1017.958,cutting,0
337.9,1016.973,cutting,0
338.0,1040.259,cutting,0
338.1,1016.519,cutting,0
338.2,995.191,cutting,0
338.3,1029.601,cutting,0
338.4,914.933,cutting,0
338.5,1010.555,cutting,0
338.6,1036.966,cutting,0
338.7,1049.898,cutting,0
338.8,1099.347,cutting,0
338.9,1060.967,cutting,0
339.0,1101.601,cutting,0
339.1,1039.61,cutting,0
339.2,1057.407,cutting,0
339.3,1021.905,cutting,0
339.4,994.773,cutting,0
339.5,1010.231,cutting,0
339.6,1006.11,cutting,0
339.7,955.179,cutting,0
339.8,1026.628,cutting,0
339.9,996.378,cutting,0
340.0,1023.919,cutting,0
340.1,941.297,cutting,0
340.2,1046.519,cutting,0
340.3,987.377,cutting,0
340.4,1085.05,cutting,0
340.5,1021.455,cutting,0
340.6,1021.852,cutting,0
340.7,1016.46,cutting,0
340.8,960.967,cutting,0
340.9,995.876,cutting,0
341.0,944.233,cutting,0
341.1,978.32,cutting,0
341.2,1020.898,cutting,0
341.3,1046.563,cutting,0
341.4,1066.217,cutting,0
341.5,1023.281,cutting,0
341.6,1010.809,cutting,0
341.7,1069.969,cutting,0
341.8,1109.998,cutting,0
341.9,1020.366,cutting,0
342.0,1088.461,cutting,0
342.1,1022.136,cutting,0
342.2,919.144,cutting,0
342.3,1000.443,cutting,0
342.4,1054.502,cutting,0
342.5,1010.563,cutting,0
342.6,1026.078,cutting,0
342.7,1012.09,cutting,0
342.8,952.683,cutting,0
342.9,944.281,cutting,0
343.0,1003.647,cutting,0
343.1,1037.509,cutting,0
343.2,1019.905,cutting,0
343.3,1024.533,cutting,0
343.4,1071.57,cutting,0
343.5,1082.324,cutting,0
343.6,956.535,cutting,0
343.7,964.115,cutting,0
343.8,987.211,cutting,0
343.9,978.397,cutting,0
344.0,904.353,cutting,0
344.1,1097.821,cutting,0
344.2,1032.092,cutting,0
344.3,1035.043,cutting,0
344.4,969.498,cutting,0
344.5,1058.921,cutting,0
344.6,1013.347,cutting,0
344.7,1072.016,cutting,0
344.8,1057.523,cutting,0
344.9,1036.587,cutting,0
345.0,1035.336,cutting,0
345.1,984.847,cutting,0
345.2,999.395,cutting,0
345.3,901.82,cutting,0
345.4,1011.468,cutting,0
345.5,985.363,cutting,0
345.6,1092.369,cutting,0
345.7,1021.695,cutting,0
345.8,950.567,cutting,0
345.9,1099.539,cutting,0
346.0,1027.673,cutting,0
346.1,1015.181,cutting,0
346.2,1048.119,cutting,0
346.3,1084.076,cutting,0
346.4,1092.93,cutting,0
346.5,995.693,cutting,0
346.6,1003.816,cutting,0
346.7,995.553,cutting,0
346.8,962.232,cutting,0
346.9,971.639,cutting,0
347.0,994.502,cutting,0
347.1,1011.419,cutting,0
347.2,1066.212,cutting,0
347.3,974.478,cutting,0
347.4,1068.496,cutting,0
347.5,1068.239,cutting,0
347.6,1100.059,cutting,0
347.7,1028.773,cutting,0
347.8,1015.573,cutting,0
347.9,1017.11,cutting,0
348.0,979.512,cutting,0
348.1,968.337,cutting,0
348.2,961.509,cutting,0
348.3,963.992,cutting,0
348.4,959.809,cutting,0
348.5,987.643,cutting,0
348.6,996.682,cutting,0
348.7,1012.638,cutting,0
348.8,1002.181,cutting,0
348.9,1087.75,cutting,0
349.0,1063.813,cutting,0
349.1,1043.319,cutting,0
349.2,994.392,cutting,0
349.3,1039.876,cutting,0
349.4,994.209,cutting,0
349.5,987.476,cutting,0
349.6,988.34,cutting,0
349.7,981.607,cutting,0
349.8,1027.123,cutting,0
349.9,976.78,cutting,0
350.0,587.848,unload,0
350.1,602.443,unload,0
350.2,596.095,unload,0
350.3,609.667,unload,0
350.4,616.34,unload,0
350.5,624.661,unload,0
350.6,617.06,unload,0
350.7,594.769,unload,0
350.8,596.859,unload,0
350.9,593.121,unload,0
351.0,620.64,unload,0
351.1,595.739,unload,0
351.2,584.494,unload,0
351.3,581.107,unload,0
351.4,613.381,unload,0
351.5,584.158,unload,0
351.6,552.235,unload,0
351.7,612.703,unload,0
351.8,605.943,unload,0
351.9,613.738,unload,0
352.0,617.756,unload,0
352.1,609.184,unload,0
352.2,607.031,unload,0
352.3,600.959,unload,0
352.4,585.862,unload,0
352.5,561.928,unload,0
352.6,564.685,unload,0
352.7,606.774,unload,0
352.8,614.484,unload,0
352.9,600.644,unload,0
353.0,586.295,unload,0
353.1,611.558,unload,0
353.2,599.608,unload,0
353.3,600.263,unload,0
353.4,593.568,unload,0
353.5,579.018,unload,0
353.6,581.966,unload,0
353.7,607.027,unload,0
353.8,629.355,unload,0
353.9,631.825,unload,0
354.0,596.858,unload,0
354.1,608.261,unload,0
354.2,598.588,unload,0
354.3,602.919,unload,0
354.4,607.643,unload,0
354.5,616.493,unload,0
354.6,579.672,unload,0
354.7,632.06,unload,0
354.8,597.96,unload,0
354.9,582.608,unload,0
355.0,641.867,unload,0
355.1,584.213,unload,0
355.2,599.59,unload,0
355.3,587.066,unload,0
355.4,621.524,unload,0
355.5,552.033,unload,0
355.6,606.329,unload,0
355.7,571.647,unload,0
355.8,628.275,unload,0
355.9,638.031,unload,0
356.0,615.767,unload,0
356.1,586.23,unload,0
356.2,621.242,unload,0
356.3,639.783,unload,0
356.4,604.834,unload,0
356.5,593.556,unload,0
356.6,626.716,unload,0
356.7,576.31,unload,0
356.8,595.014,unload,0
356.9,599.305,unload,0
357.0,602.486,unload,0
357.1,620.17,unload,0
357.2,597.574,unload,0
357.3,580.332,unload,0
357.4,574.96,unload,0
357.5,597.601,unload,0
357.6,608.604,unload,0
357.7,617.584,unload,0
357.8,611.383,unload,0
357.9,575.38,unload,0
358.0,610.47,unload,0
358.1,588.279,unload,0
358.2,623.655,unload,0
358.3,594.741,unload,0
358.4,595.158,unload,0
358.5,590.192,unload,0
358.6,617.907,unload,0
358.7,598.258,unload,0
358.8,649.788,unload,0
358.9,621.285,unload,0
359.0,579.203,unload,0
359.1,599.639,unload,0
359.2,619.107,unload,0
359.3,614.603,unload,0
359.4,611.332,unload,0
359.5,604.791,unload,0
359.6,572.594,unload,0
359.7,573.331,unload,0
359.8,614.923,unload,0
359.9,588.998,unload,0
360.0,420.323,idle,0
360.1,425.276,idle,0
360.2,405.048,idle,0
360.3,405.037,idle,0
360.4,424.434,idle,0
360.5,415.474,idle,0
360.6,417.361,idle,0
360.7,429.253,idle,0
360.8,418.0,idle,0
360.9,419.663,idle,0
361.0,422.448,idle,0
361.1,406.278,idle,0
361.2,434.011,idle,0
361.3,423.372,idle,0
361.4,415.737,idle,0
361.5,429.203,idle,0
361.6,412.656,idle,0
361.7,414.572,idle,0
361.8,410.227,idle,0
361.9,418.229,idle,0
362.0,414.102,idle,0
362.1,422.167,idle,0
362.2,414.705,idle,0
362.3,422.138,idle,0
362.4,423.551,idle,0
362.5,423.181,idle,0
362.6,423.052,idle,0
362.7,420.702,idle,0
362.8,413.437,idle,0
362.9,404.133,idle,0
363.0,422.847,idle,0
363.1,408.795,idle,0
363.2,422.748,idle,0
363.3,419.614,idle,0
363.4,419.626,idle,0
363.5,420.064,idle,0
363.6,424.601,idle,0
363.7,412.222,idle,0
363.8,422.539,idle,0
363.9,428.644,idle,0
364.0,426.316,idle,0
364.1,428.842,idle,0
364.2,417.787,idle,0
364.3,419.349,idle,0
364.4,434.988,idle,0
364.5,424.041,idle,0
364.6,422.082,idle,0
364.7,428.006,idle,0
364.8,413.038,idle,0
364.9,418.946,idle,0
365.0,423.536,idle,0
365.1,419.529,idle,0
365.2,432.087,idle,0
365.3,423.509,idle,0
365.4,427.077,idle,0
365.5,413.418,idle,0
365.6,419.928,idle,0
365.7,419.808,idle,0
365.8,424.17,idle,0
365.9,423.915,idle,0
366.0,420.037,idle,0
366.1,424.66,idle,0
366.2,436.752,idle,0
366.3,420.277,idle,0
366.4,414.827,idle,0
366.5,429.677,idle,0
366.6,431.902,idle,0
366.7,421.539,idle,0
366.8,427.755,idle,0
366.9,403.751,idle,0
367.0,423.847,idle,0
367.1,418.616,idle,0
367.2,437.667,idle,0
367.3,421.928,idle,0
367.4,434.756,idle,0
367.5,418.639,idle,0
367.6,417.912,idle,0
367.7,415.856,idle,0
367.8,410.773,idle,0
367.9,415.591,idle,0
368.0,428.917,idle,0
368.1,407.926,idle,0
368.2,420.876,idle,0
368.3,429.001,idle,0
368.4,422.176,idle,0
368.5,424.283,idle,0
368.6,422.888,idle,0
368.7,424.291,idle,0
368.8,404.903,idle,0
368.9,432.11,idle,0
369.0,423.023,idle,0
369.1,415.766,idle,0
369.2,417.816,idle,0
369.3,419.078,idle,0
369.4,425.597,idle,0
369.5,410.815,idle,0
369.6,410.195,idle,0
369.7,409.777,idle,0
369.8,427.357,idle,0
369.9,412.965,idle,0
370.0,421.808,ramp_up,0
370.1,418.683,ramp_up,0
370.2,443.559,ramp_up,0
370.3,450.424,ramp_up,0
370.4,459.598,ramp_up,0
370.5,493.798,ramp_up,0
370.6,493.576,ramp_up,0
370.7,492.971,ramp_up,0
370.8,544.97,ramp_up,0
370.9,517.179,ramp_up,0
371.0,526.413,ramp_up,0
371.1,532.376,ramp_up,0
371.2,583.658,ramp_up,0
371.3,578.873,ramp_up,0
371.4,592.432,ramp_up,0
371.5,613.575,ramp_up,0
371.6,613.952,ramp_up,0
371.7,633.089,ramp_up,0
371.8,656.504,ramp_up,0
371.9,651.528,ramp_up,0
372.0,670.161,ramp_up,0
372.1,675.032,ramp_up,0
372.2,686.284,ramp_up,0
372.3,713.599,ramp_up,0
372.4,715.562,ramp_up,0
372.5,723.91,ramp_up,0
372.6,710.012,ramp_up,0
372.7,733.95,ramp_up,0
372.8,748.396,ramp_up,0
372.9,768.392,ramp_up,0
373.0,785.094,ramp_up,0
373.1,794.502,ramp_up,0
373.2,802.703,ramp_up,0
373.3,820.728,ramp_up,0
373.4,832.865,ramp_up,0
373.5,851.304,ramp_up,0
373.6,831.454,ramp_up,0
373.7,876.774,ramp_up,0
373.8,899.932,ramp_up,0
373.9,902.21,ramp_up,0
374.0,895.499,ramp_up,0
374.1,901.878,ramp_up,0
374.2,923.879,ramp_up,0
374.3,952.652,ramp_up,0
374.4,951.882,ramp_up,0
374.5,936.603,ramp_up,0
374.6,933.192,ramp_up,0
374.7,986.975,ramp_up,0
374.8,1024.911,ramp_up,0
374.9,989.487,ramp_up,0
375.0,999.187,cutting,0
375.1,1006.918,cutting,0
375.2,1004.787,cutting,0
375.3,1017.455,cutting,0
375.4,930.865,cutting,0
375.5,996.081,cutting,0
375.6,980.77,cutting,0
375.7,1047.22,cutting,0
375.8,1046.711,cutting,0
375.9,1084.686,cutting,0
376.0,1010.857,cutting,0
376.1,1016.066,cutting,0
376.2,1024.777,cutting,0
376.3,1022.305,cutting,0
376.4,999.369,cutting,0
376.5,965.235,cutting,0
376.6,975.503,cutting,0
376.7,930.438,cutting,0
376.8,1019.257,cutting,0
376.9,971.854,cutting,0
377.0,954.644,cutting,0
377.1,1018.967,cutting,0
377.2,971.913,cutting,0
377.3,1054.445,cutting,0
377.4,1038.738,cutting,0
377.5,1114.735,cutting,0
377.6,1069.78,cutting,0
377.7,1014.382,cutting,0
377.8,1059.129,cutting,0
377.9,1017.058,cutting,0
378.0,1021.85,cutting,0
378.1,881.064,cutting,0
378.2,968.425,cutting,0
378.3,970.984,cutting,0
378.4,1040.099,cutting,0
378.5,970.609,cutting,0
378.6,1035.699,cutting,0
378.7,1031.8,cutting,0
378.8,1000.289,cutting,0
378.9,1033.991,cutting,0
379.0,1071.315,cutting,0
379.1,1037.488,cutting,0
379.2,1025.792,cutting,0
379.3,1014.068,cutting,0
379.4,1005.126,cutting,0
379.5,1001.537,cutting,0
379.6,981.713,cutting,0
379.7,933.514,cutting,0
379.8,984.36,cutting,0
379.9,1006.92,cutting,0
380.0,1076.005,cutting,0
380.1,998.538,cutting,0
380.2,1100.252,cutting,0
380.3,1033.672,cutting,0
380.4,1108.653,cutting,0
380.5,975.096,cutting,0
380.6,1025.518,cutting,0
380.7,938.68,cutting,0
380.8,954.835,cutting,0
380.9,977.411,cutting,0
381.0,1001.766,cutting,0
381.1,956.353,cutting,0
381.2,997.137,cutting,0
381.3,970.631,cutting,0
381.4,1069.931,cutting,0
381.5,1008.629,cutting,0
381.6,1110.68,cutting,0
381.7,1113.605,cutting,0
381.8,1021.341,cutting,0
381.9,1067.195,cutting,0
382.0,1022.5,cutting,0
382.1,1075.903,cutting,0
382.2,1020.801,cutting,0
382.3,1059.544,cutting,0
382.4,980.103,cutting,0
382.5,972.82,cutting,0
382.6,959.268,cutting,0
382.7,1000.445,cutting,0
382.8,1023.992,cutting,0
382.9,1027.066,cutting,0
383.0,1049.234,cutting,0
383.1,1075.234,cutting,0
383.2,1050.462,cutting,0
383.3,1028.294,cutting,0
383.4,1007.101,cutting,0
383.5,1009.397,cutting,0
383.6,1002.117,cutting,0
383.7,1035.055,cutting,0
383.8,1020.78,cutting,0
383.9,958.308,cutting,0
384.0,1005.982,cutting,0
384.1,961.353,cutting,0
384.2,1034.655,cutting,0
384.3,964.23,cutting,0
384.4,1069.647,cutting,0
384.5,1040.633,cutting,0
384.6,1061.505,cutting,0
384.7,1048.809,cutting,0
384.8,1008.925,cutting,0
384.9,1038.002,cutting,0
385.0,1019.111,cutting,0
385.1,1030.311,cutting,0
385.2,1013.642,cutting,0
385.3,1027.98,cutting,0
385.4,1003.903,cutting,0
385.5,950.746,cutting,0
385.6,1029.281,cutting,0
385.7,974.777,cutting,0
385.8,1006.84,cutting,0
385.9,1046.864,cutting,0
386.0,1023.19,cutting,0
386.1,1040.03,cutting,0
386.2,1083.861,cutting,0
386.3,1016.515,cutting,0
386.4,992.106,cutting,0
386.5,963.205,cutting,0
386.6,1094.008,cutting,0
386.7,970.943,cutting,0
386.8,985.47,cutting,0
386.9,990.202,cutting,0
387.0,1037.605,cutting,0
387.1,992.791,cutting,0
387.2,996.548,cutting,0
387.3,1028.25,cutting,0
387.4,1023.691,cutting,0
387.5,1004.27,cutting,0
387.6,985.349,cutting,0
387.7,1043.074,cutting,0
387.8,1013.233,cutting,0
387.9,1061.4,cutting,0
388.0,980.637,cutting,0
388.1,976.134,cutting,0
388.2,1026.763,cutting,0
388.3,927.905,cutting,0
388.4,1022.751,cutting,0
388.5,979.626,cutting,0
388.6,983.984,cutting,0
388.7,1051.128,cutting,0
388.8,1053.119,cutting,0
388.9,1014.385,cutting,0
389.0,1061.225,cutting,0
389.1,1098.965,cutting,0
389.2,1060.828,cutting,0
389.3,1021.306,cutting,0
389.4,983.125,cutting,0
389.5,988.011,cutting,0
389.6,1001.635,cutting,0
389.7,977.679,cutting,0
389.8,1008.36,cutting,0
389.9,1038.486,cutting,0
390.0,967.695,cutting,0
390.1,1040.206,cutting,0
390.2,1063.919,cutting,0
390.3,1043.98,cutting,0
390.4,1031.293,cutting,0
390.5,1100.338,cutting,0
390.6,1033.265,cutting,0
390.7,1018.571,cutting,0
390.8,987.682,cutting,0
390.9,983.414,cutting,0
391.0,975.598,cutting,0
391.1,981.147,cutting,0
391.2,937.628,cutting,0
391.3,944.452,cutting,0
391.4,993.201,cutting,0
391.5,1018.289,cutting,0
391.6,1023.156,cutting,0
391.7,1076.581,cutting,0
391.8,1052.99,cutting,0
391.9,1074.936,cutting,0
392.0,1047.706,cutting,0
392.1,947.834,cutting,0
392.2,1027.027,cutting,0
392.3,1047.277,cutting,0
392.4,992.692,cutting,0
392.5,982.043,cutting,0
392.6,947.453,cutting,0
392.7,1005.295,cutting,0
392.8,974.396,cutting,0
392.9,964.835,cutting,0
393.0,1047.621,cutting,0
393.1,1078.836,cutting,0
393.2,1044.181,cutting,0
393.3,1045.676,cutting,0
393.4,1019.698,cutting,0
393.5,1085.546,cutting,0
393.6,1028.025,cutting,0
393.7,988.48,cutting,0
393.8,979.196,cutting,0
393.9,989.075,cutting,0
394.0,1024.015,cutting,0
394.1,974.677,cutting,0
394.2,975.369,cutting,0
394.3,1032.054,cutting,0
394.4,1031.532,cutting,0
394.5,996.236,cutting,0
394.6,1048.909,cutting,0
394.7,1041.943,cutting,0
394.8,1031.719,cutting,0
394.9,1038.908,cutting,0
395.0,1027.119,cutting,0
395.1,1062.282,cutting,0
395.2,1013.642,cutting,0
395.3,1014.17,cutting,0
395.4,968.828,cutting,0
395.5,990.682,cutting,0
395.6,978.723,cutting,0
395.7,992.53,cutting,0
395.8,1060.666,cutting,0
395.9,1119.835,cutting,0
396.0,1076.378,cutting,0
396.1,1067.707,cutting,0
396.2,1066.968,cutting,0
396.3,1065.378,cutting,0
396.4,1020.582,cutting,0
396.5,1006.0,cutting,0
396.6,1016.657,cutting,0
396.7,1042.117,cutting,0
396.8,986.758,cutting,0
396.9,930.684,cutting,0
397.0,1025.492,cutting,0
397.1,1019.402,cutting,0
397.2,1000.224,cutting,0
397.3,1012.323,cutting,0
397.4,940.784,cutting,0
397.5,1027.086,cutting,0
397.6,1042.979,cutting,0
397.7,1058.89,cutting,0
397.8,1025.743,cutting,0
397.9,978.047,cutting,0
398.0,984.035,cutting,0
398.1,989.78,cutting,0
398.2,1004.388,cutting,0
398.3,996.386,cutting,0
398.4,1024.524,cutting,0
398.5,941.551,cutting,0
398.6,1030.435,cutting,0
398.7,1047.827,cutting,0
398.8,1015.874,cutting,0
398.9,1060.838,cutting,0
399.0,1034.411,cutting,0
399.1,1002.476,cutting,0
399.2,987.122,cutting,0
399.3,1035.674,cutting,0
399.4,1022.417,cutting,0
399.5,1028.715,cutting,0
399.6,1010.902,cutting,0
399.7,1002.268,cutting,0
399.8,955.322,cutting,0
399.9,997.562,cutting,0
400.0,1009.954,cutting,0
400.1,1104.131,cutting,0
400.2,1016.332,cutting,0
400.3,1008.682,cutting,0
400.4,1019.087,cutting,0
400.5,1082.814,cutting,0
400.6,1014.405,cutting,0
400.7,1047.241,cutting,0
400.8,989.029,cutting,0
400.9,1029.957,cutting,0
401.0,932.937,cutting,0
401.1,969.397,cutting,0
401.2,1010.812,cutting,0
401.3,992.844,cutting,0
401.4,984.119,cutting,0
401.5,1080.284,cutting,0
401.6,994.883,cutting,0
401.7,1022.71,cutting,0
401.8,1094.01,cutting,0
401.9,1109.565,cutting,0
402.0,1040.032,cutting,0
402.1,982.678,cutting,0
402.2,966.537,cutting,0
402.3,967.475,cutting,0
402.4,984.822,cutting,0
402.5,1030.975,cutting,0
402.6,1019.493,cutting,0
402.7,1030.8,cutting,0
402.8,993.806,cutting,0
402.9,1052.087,cutting,0
403.0,1067.998,cutting,0
403.1,1079.824,cutting,0
403.2,1054.2,cutting,0
403.3,1038.227,cutting,0
403.4,1082.373,cutting,0
403.5,1085.11,cutting,0
403.6,1007.827,cutting,0
403.7,1013.511,cutting,0
403.8,1028.34,cutting,0
403.9,1038.238,cutting,0
404.0,1047.751,cutting,0
404.1,995.786,cutting,0
404.2,1051.443,cutting,0
404.3,980.895,cutting,0
404.4,960.964,cutting,0
404.5,1033.684,cutting,0
404.6,1066.744,cutting,0
404.7,1002.01,cutting,0
404.8,1042.035,cutting,0
404.9,1041.141,cutting,0
405.0,1019.386,cutting,0
405.1,1014.624,cutting,0
405.2,1031.969,cutting,0
405.3,977.176,cutting,0
405.4,969.725,cutting,0
405.5,1010.706,cutting,0
405.6,1040.149,cutting,0
405.7,1002.841,cutting,0
405.8,1080.195,cutting,0
405.9,1071.268,cutting,0
406.0,1040.261,cutting,0
406.1,1053.693,cutting,0
406.2,1022.423,cutting,0
406.3,1062.518,cutting,0
406.4,1028.025,cutting,0
406.5,1077.881,cutting,0
406.6,906.872,cutting,0
406.7,945.461,cutting,0
406.8,967.474,cutting,0
406.9,1007.496,cutting,0
407.0,986.96,cutting,0
407.1,988.774,cutting,0
407.2,1043.371,cutting,0
407.3,1027.722,cutting,0
407.4,1060.053,cutting,0
407.5,1085.994,cutting,0
407.6,1085.478,cutting,0
407.7,988.629,cutting,0
407.8,1003.276,cutting,0
407.9,1028.772,cutting,0
408.0,993.41,cutting,0
408.1,962.889,cutting,0
408.2,1006.06,cutting,0
408.3,990.623,cutting,0
408.4,1011.881,cutting,0
408.5,1040.298,cutting,0
408.6,1011.662,cutting,0
408.7,1074.286,cutting,0
408.8,1056.057,cutting,0
408.9,1064.187,cutting,0
409.0,1088.942,cutting,0
409.1,990.498,cutting,0
409.2,976.372,cutting,0
409.3,978.719,cutting,0
409.4,1033.0,cutting,0
409.5,996.185,cutting,0
409.6,966.886,cutting,0
409.7,950.691,cutting,0
409.8,934.939,cutting,0
409.9,1015.49,cutting,0
410.0,599.713,unload,0
410.1,606.886,unload,0
410.2,616.216,unload,0
410.3,605.142,unload,0
410.4,623.989,unload,0
410.5,592.938,unload,0
410.6,626.628,unload,0
410.7,607.648,unload,0
410.8,590.648,unload,0
410.9,603.278,unload,0
411.0,638.306,unload,0
411.1,578.009,unload,0
411.2,589.457,unload,0
411.3,592.637,unload,0
411.4,603.059,unload,0
411.5,601.165,unload,0
411.6,632.919,unload,0
411.7,596.461,unload,0
411.8,611.697,unload,0
411.9,591.123,unload,0
412.0,580.467,unload,0
412.1,597.327,unload,0
412.2,595.651,unload,0
412.3,611.859,unload,0
412.4,623.17,unload,0
412.5,592.027,unload,0
412.6,619.093,unload,0
412.7,582.103,unload,0
412.8,630.666,unload,0
412.9,574.124,unload,0
413.0,590.959,unload,0
413.1,604.256,unload,0
413.2,593.283,unload,0
413.3,580.038,unload,0
413.4,612.147,unload,0
413.5,582.261,unload,0
413.6,616.679,unload,0
413.7,574.221,unload,0
413.8,617.921,unload,0
413.9,614.262,unload,0
414.0,608.905,unload,0
414.1,618.072,unload,0
414.2,596.163,unload,0
414.3,598.76,unload,0
414.4,619.932,unload,0
414.5,581.483,unload,0
414.6,594.958,unload,0
414.7,595.84,unload,0
414.8,595.626,unload,0
414.9,594.741,unload,0
415.0,556.824,unload,0
415.1,599.22,unload,0
415.2,604.322,unload,0
415.3,621.171,unload,0
415.4,613.263,unload,0
415.5,589.018,unload,0
415.6,594.608,unload,0
415.7,582.985,unload,0
415.8,593.024,unload,0
415.9,588.671,unload,0
416.0,618.433,unload,0
416.1,605.99,unload,0
416.2,609.777,unload,0
416.3,592.79,unload,0
416.4,596.582,unload,0
416.5,608.304,unload,0
416.6,585.39,unload,0
416.7,608.439,unload,0
416.8,614.622,unload,0
416.9,589.224,unload,0
417.0,599.312,unload,0
417.1,584.432,unload,0
417.2,628.439,unload,0
417.3,607.306,unload,0
417.4,618.626,unload,0
417.5,595.728,unload,0
417.6,584.244,unload,0
417.7,597.979,unload,0
417.8,623.888,unload,0
417.9,628.186,unload,0
418.0,613.413,unload,0
418.1,599.523,unload,0
418.2,606.91,unload,0
418.3,618.865,unload,0
418.4,581.937,unload,0
418.5,615.475,unload,0
418.6,585.655,unload,0
418.7,604.65,unload,0
418.8,612.868,unload,0
418.9,605.044,unload,0
419.0,601.86,unload,0
419.1,622.755,unload,0
419.2,593.19,unload,0
419.3,594.112,unload,0
419.4,584.013,unload,0
419.5,603.502,unload,0
419.6,613.43,unload,0
419.7,598.345,unload,0
419.8,566.896,unload,0
419.9,607.949,unload,0
420.0,460.425,idle,1
420.1,449.23,idle,1
420.2,496.605,idle,1
420.3,475.665,idle,1
420.4,503.915,idle,1
420.5,448.003,idle,1
420.6,492.988,idle,1
420.7,442.793,idle,1
420.8,370.067,idle,1
420.9,476.527,idle,1
421.0,452.284,idle,1
421.1,492.64,idle,1
421.2,455.786,idle,1
421.3,489.088,idle,1
421.4,443.561,idle,1
421.5,433.004,idle,1
421.6,514.305,idle,1
421.7,509.227,idle,1
421.8,473.934,idle,1
421.9,428.264,idle,1
422.0,484.031,idle,1
422.1,531.54,idle,1
422.2,452.415,idle,1
422.3,467.924,idle,1
422.4,447.137,idle,1
422.5,493.778,idle,1
422.6,465.917,idle,1
422.7,435.798,idle,1
422.8,446.865,idle,1
422.9,502.031,idle,1
423.0,436.942,idle,1
423.1,488.4,idle,1
423.2,502.201,idle,1
423.3,477.148,idle,1
423.4,417.484,idle,1
423.5,489.518,idle,1
423.6,445.159,idle,1
423.7,438.879,idle,1
423.8,474.705,idle,1
423.9,431.954,idle,1
424.0,468.628,idle,1
424.1,507.728,idle,1
424.2,502.577,idle,1
424.3,471.516,idle,1
424.4,486.816,idle,1
424.5,490.022,idle,1
424.6,499.925,idle,1
424.7,493.522,idle,1
424.8,447.022,idle,1
424.9,516.587,idle,1
425.0,475.521,idle,1
425.1,486.148,idle,1
425.2,481.416,idle,1
425.3,467.882,idle,1
425.4,460.665,idle,1
425.5,491.738,idle,1
425.6,465.346,idle,1
425.7,495.842,idle,1
425.8,482.266,idle,1
425.9,459.756,idle,1
426.0,476.922,idle,1
426.1,508.134,idle,1
426.2,488.393,idle,1
426.3,480.325,idle,1
426.4,466.151,idle,1
426.5,479.233,idle,1
426.6,478.281,idle,1
426.7,492.104,idle,1
426.8,528.92,idle,1
426.9,434.206,idle,1
427.0,482.249,idle,1
427.1,476.357,idle,1
427.2,461.056,idle,1
427.3,457.762,idle,1
427.4,506.337,idle,1
427.5,523.932,idle,1
427.6,472.797,idle,1
427.7,457.686,idle,1
427.8,502.659,idle,1
427.9,498.853,idle,1
428.0,465.614,idle,1
428.1,496.359,idle,1
428.2,498.378,idle,1
428.3,503.567,idle,1
428.4,471.729,idle,1
428.5,505.12,idle,1
428.6,485.164,idle,1
428.7,520.961,idle,1
428.8,495.253,idle,1
428.9,500.29,idle,1
429.0,477.918,idle,1
429.1,492.156,idle,1
429.2,518.216,idle,1
429.3,514.442,idle,1
429.4,467.012,idle,1
429.5,510.163,idle,1
429.6,549.803,idle,1
429.7,484.145,idle,1
429.8,465.12,idle,1
429.9,477.451,idle,1
430.0,490.126,ramp_up,1
430.1,505.005,ramp_up,1
430.2,477.717,ramp_up,1
430.3,480.307,ramp_up,1
430.4,578.417,ramp_up,1
430.5,515.725,ramp_up,1
430.6,588.626,ramp_up,1
430.7,603.932,ramp_up,1
430.8,529.4,ramp_up,1
430.9,612.886,ramp_up,1
431.0,610.745,ramp_up,1
431.1,634.526,ramp_up,1
431.2,657.671,ramp_up,1
431.3,654.068,ramp_up,1
431.4,670.602,ramp_up,1
431.5,726.209,ramp_up,1
431.6,705.826,ramp_up,1
431.7,683.574,ramp_up,1
431.8,744.568,ramp_up,1
431.9,764.362,ramp_up,1
432.0,756.695,ramp_up,1
432.1,765.749,ramp_up,1
432.2,779.196,ramp_up,1
432.3,837.437,ramp_up,1
432.4,785.881,ramp_up,1
432.5,816.62,ramp_up,1
432.6,855.014,ramp_up,1
432.7,825.057,ramp_up,1
432.8,844.049,ramp_up,1
432.9,825.152,ramp_up,1
433.0,867.087,ramp_up,1
433.1,878.731,ramp_up,1
433.2,912.623,ramp_up,1
433.3,876.805,ramp_up,1
433.4,963.86,ramp_up,1
433.5,908.886,ramp_up,1
433.6,963.681,ramp_up,1
433.7,938.973,ramp_up,1
433.8,961.545,ramp_up,1
433.9,955.625,ramp_up,1
434.0,979.435,ramp_up,1
434.1,1013.559,ramp_up,1
434.2,1023.403,ramp_up,1
434.3,1036.142,ramp_up,1
434.4,1048.801,ramp_up,1
434.5,1083.803,ramp_up,1
434.6,1052.242,ramp_up,1
434.7,1068.265,ramp_up,1
434.8,1095.674,ramp_up,1
434.9,1130.685,ramp_up,1
435.0,1132.58,cutting,1
435.1,1096.495,cutting,1
435.2,1082.958,cutting,1
435.3,1069.934,cutting,1
435.4,1135.556,cutting,1
435.5,1062.666,cutting,1
435.6,1025.759,cutting,1
435.7,1055.507,cutting,1
435.8,1113.407,cutting,1
435.9,1114.02,cutting,1
436.0,1165.728,cutting,1
436.1,1043.858,cutting,1
436.2,1187.078,cutting,1
436.3,1129.182,cutting,1
436.4,1107.21,cutting,1
436.5,1135.626,cutting,1
436.6,1073.436,cutting,1
436.7,1086.888,cutting,1
436.8,995.167,cutting,1
436.9,1173.143,cutting,1
437.0,1158.556,cutting,1
437.1,1192.042,cutting,1
437.2,1111.102,cutting,1
437.3,1170.923,cutting,1
437.4,1129.051,cutting,1
437.5,1203.072,cutting,1
437.6,1142.192,cutting,1
437.7,1191.65,cutting,1
437.8,1105.844,cutting,1
437.9,1148.146,cutting,1
438.0,1106.448,cutting,1
438.1,1098.263,cutting,1
438.2,1152.273,cutting,1
438.3,1103.104,cutting,1
438.4,1148.864,cutting,1
438.5,1127.341,cutting,1
438.6,1038.017,cutting,1
438.7,1124.503,cutting,1
438.8,1171.194,cutting,1
438.9,1182.241,cutting,1
439.0,1158.168,cutting,1
439.1,1157.503,cutting,1
439.2,1147.043,cutting,1
439.3,1100.466,cutting,1
439.4,1099.284,cutting,1
439.5,1054.474,cutting,1
439.6,1092.374,cutting,1
439.7,1118.87,cutting,1
439.8,1150.858,cutting,1
439.9,1104.905,cutting,1
440.0,1029.763,cutting,1
440.1,1135.371,cutting,1
440.2,1184.849,cutting,1
440.3,1158.683,cutting,1
440.4,1267.659,cutting,1
440.5,1232.13,cutting,1
440.6,1169.006,cutting,1
440.7,1174.95,cutting,1
440.8,1072.045,cutting,1
440.9,1109.262,cutting,1
441.0,1022.761,cutting,1
441.1,1120.655,cutting,1
441.2,1044.806,cutting,1
441.3,1123.218,cutting,1
441.4,1167.959,cutting,1
441.5,1171.638,cutting,1
441.6,1189.493,cutting,1
441.7,1233.415,cutting,1
441.8,1082.289,cutting,1
441.9,1087.32,cutting,1
442.0,1160.388,cutting,1
442.1,1047.67,cutting,1
442.2,1141.523,cutting,1
442.3,1227.899,cutting,1
442.4,1203.83,cutting,1
442.5,1123.992,cutting,1
442.6,1135.535,cutting,1
442.7,1169.732,cutting,1
442.8,1103.405,cutting,1
442.9,1100.516,cutting,1
443.0,1229.128,cutting,1
443.1,1073.212,cutting,1
443.2,1231.745,cutting,1
443.3,1158.281,cutting,1
443.4,1207.909,cutting,1
443.5,1188.965,cutting,1
443.6,1135.569,cutting,1
443.7,1119.906,cutting,1
443.8,1132.328,cutting,1
443.9,1198.61,cutting,1
444.0,1254.378,cutting,1
444.1,1161.958,cutting,1
444.2,1147.998,cutting,1
444.3,1089.585,cutting,1
444.4,1165.238,cutting,1
444.5,1196.253,cutting,1
444.6,1089.719,cutting,1
444.7,1138.513,cutting,1
444.8,1193.556,cutting,1
444.9,1163.105,cutting,1
445.0,1025.548,cutting,1
445.1,1178.819,cutting,1
445.2,1129.995,cutting,1
445.3,1091.695,cutting,1
445.4,1111.251,cutting,1
445.5,1185.089,cutting,1
445.6,1156.268,cutting,1
445.7,1100.308,cutting,1
445.8,1140.765,cutting,1
445.9,1183.755,cutting,1
446.0,1215.658,cutting,1
446.1,1239.06,cutting,1
446.2,1146.421,cutting,1
446.3,1182.893,cutting,1
446.4,1194.833,cutting,1
446.5,1052.148,cutting,1
446.6,1148.465,cutting,1
446.7,1139.252,cutting,1
446.8,1109.063,cutting,1
446.9,1021.824,cutting,1
447.0,1196.27,cutting,1
447.1,1241.67,cutting,1
447.2,1178.055,cutting,1
447.3,1127.358,cutting,1
447.4,1200.245,cutting,1
447.5,1168.668,cutting,1
447.6,1181.222,cutting,1
447.7,1186.901,cutting,1
447.8,1123.47,cutting,1
447.9,1214.406,cutting,1
448.0,1138.987,cutting,1
448.1,1171.459,cutting,1
448.2,1050.34,cutting,1
448.3,1142.145,cutting,1
448.4,1127.593,cutting,1
448.5,1170.752,cutting,1
448.6,1158.464,cutting,1
448.7,1127.206,cutting,1
448.8,1203.573,cutting,1
448.9,1205.409,cutting,1
449.0,1197.135,cutting,1
449.1,1230.421,cutting,1
449.2,1187.645,cutting,1
449.3,1069.522,cutting,1
449.4,1154.798,cutting,1
449.5,1125.528,cutting,1
449.6,1210.605,cutting,1
449.7,1192.839,cutting,1
449.8,1136.841,cutting,1
449.9,1078.312,cutting,1
450.0,1211.209,cutting,1
450.1,1207.653,cutting,1
450.2,1248.546,cutting,1
450.3,1161.106,cutting,1
450.4,1254.174,cutting,1
450.5,1212.609,cutting,1
450.6,1236.18,cutting,1
450.7,1202.0,cutting,1
450.8,1182.29,cutting,1
450.9,1094.882,cutting,1
451.0,1238.021,cutting,1
451.1,1050.994,cutting,1
451.2,1155.678,cutting,1
451.3,1177.725,cutting,1
451.4,1145.889,cutting,1
451.5,1243.284,cutting,1
451.6,1171.219,cutting,1
451.7,1204.681,cutting,1
451.8,1174.204,cutting,1
451.9,1219.583,cutting,1
452.0,1184.039,cutting,1
452.1,1125.641,cutting,1
452.2,1165.49,cutting,1
452.3,1167.696,cutting,1
452.4,1183.948,cutting,1
452.5,1136.21,cutting,1
452.6,1178.216,cutting,1
452.7,1066.934,cutting,1
452.8,1148.122,cutting,1
452.9,1181.691,cutting,1
453.0,1239.343,cutting,1
453.1,1241.789,cutting,1
453.2,1204.616,cutting,1
453.3,1179.976,cutting,1
453.4,1228.31,cutting,1
453.5,1119.373,cutting,1
453.6,1147.253,cutting,1
453.7,1081.818,cutting,1
453.8,1177.865,cutting,1
453.9,1160.093,cutting,1
454.0,1141.642,cutting,1
454.1,1132.581,cutting,1
454.2,1147.092,cutting,1
454.3,1172.308,cutting,1
454.4,1195.203,cutting,1
454.5,1243.478,cutting,1
454.6,1190.401,cutting,1
454.7,1219.468,cutting,1
454.8,1150.585,cutting,1
454.9,1159.718,cutting,1
455.0,1255.695,cutting,1
455.1,1157.722,cutting,1
455.2,1192.205,cutting,1
455.3,1164.79,cutting,1
455.4,1137.211,cutting,1
455.5,1156.505,cutting,1
455.6,1115.497,cutting,1
455.7,1195.78,cutting,1
455.8,1178.269,cutting,1
455.9,1194.076,cutting,1
456.0,1209.066,cutting,1
456.1,1278.955,cutting,1
456.2,1188.57,cutting,1
456.3,1162.863,cutting,1
456.4,1177.536,cutting,1
456.5,1300.465,cutting,1
456.6,1145.224,cutting,1
456.7,1213.871,cutting,1
456.8,1210.403,cutting,1
456.9,1183.158,cutting,1
457.0,1160.601,cutting,1
457.1,1119.748,cutting,1
457.2,1223.387,cutting,1
457.3,1253.444,cutting,1
457.4,1282.444,cutting,1
457.5,1279.599,cutting,1
457.6,1239.516,cutting,1
457.7,1237.999,cutting,1
457.8,1182.65,cutting,1
457.9,1196.863,cutting,1
458.0,1225.991,cutting,1
458.1,1215.237,cutting,1
458.2,1166.958,cutting,1
458.3,1106.711,cutting,1
458.4,1189.781,cutting,1
458.5,1205.913,cutting,1
458.6,1226.204,cutting,1
458.7,1298.827,cutting,1
458.8,1185.93,cutting,1
458.9,1337.821,cutting,1
459.0,1276.914,cutting,1
459.1,1233.807,cutting,1
459.2,1146.878,cutting,1
459.3,1276.583,cutting,1
459.4,1224.373,cutting,1
459.5,1212.135,cutting,1
459.6,1212.305,cutting,1
459.7,1218.626,cutting,1
459.8,1106.787,cutting,1
459.9,1196.134,cutting,1
460.0,1169.365,cutting,1
460.1,1131.724,cutting,1
460.2,1171.024,cutting,1
460.3,1206.573,cutting,1
460.4,1289.096,cutting,1
460.5,1319.202,cutting,1
460.6,1210.703,cutting,1
460.7,1249.909,cutting,1
460.8,1188.465,cutting,1
460.9,1109.964,cutting,1
461.0,1215.358,cutting,1
461.1,1187.198,cutting,1
461.2,1133.048,cutting,1
461.3,1150.13,cutting,1
461.4,1172.324,cutting,1
461.5,1195.014,cutting,1
461.6,1315.654,cutting,1
461.7,1281.666,cutting,1
461.8,1216.099,cutting,1
461.9,1265.545,cutting,1
462.0,1189.01,cutting,1
462.1,1194.077,cutting,1
462.2,1196.819,cutting,1
462.3,1143.891,cutting,1
462.4,1159.808,cutting,1
462.5,1241.626,cutting,1
462.6,1196.904,cutting,1
462.7,1186.656,cutting,1
462.8,1262.906,cutting,1
462.9,1176.127,cutting,1
463.0,1283.149,cutting,1
463.1,1219.798,cutting,1
463.2,1215.265,cutting,1
463.3,1293.769,cutting,1
463.4,1200.611,cutting,1
463.5,1227.684,cutting,1
463.6,1191.526,cutting,1
463.7,1186.107,cutting,1
463.8,1207.376,cutting,1
463.9,1185.446,cutting,1
464.0,1225.754,cutting,1
464.1,1225.597,cutting,1
464.2,1152.883,cutting,1
464.3,1184.76,cutting,1
464.4,1234.349,cutting,1
464.5,1252.527,cutting,1
464.6,1231.85,cutting,1
464.7,1127.383,cutting,1
464.8,1231.559,cutting,1
464.9,1248.034,cutting,1
465.0,1203.266,cutting,1
465.1,1257.804,cutting,1
465.2,1227.078,cutting,1
465.3,1227.771,cutting,1
465.4,1127.836,cutting,1
465.5,1251.258,cutting,1
465.6,1201.119,cutting,1
465.7,1160.862,cutting,1
465.8,1203.767,cutting,1
465.9,1260.805,cutting,1
466.0,1273.971,cutting,1
466.1,1271.089,cutting,1
466.2,1249.15,cutting,1
466.3,1284.164,cutting,1
466.4,1179.875,cutting,1
466.5,1283.378,cutting,1
466.6,1225.456,cutting,1
466.7,1213.671,cutting,1
466.8,1219.557,cutting,1
466.9,1198.96,cutting,1
467.0,1269.249,cutting,1
467.1,1175.659,cutting,1
467.2,1289.873,cutting,1
467.3,1212.338,cutting,1
467.4,1259.251,cutting,1
467.5,1208.252,cutting,1
467.6,1318.484,cutting,1
467.7,1289.082,cutting,1
467.8,1278.577,cutting,1
467.9,1140.096,cutting,1
468.0,1170.926,cutting,1
468.1,1212.74,cutting,1
468.2,1248.746,cutting,1
468.3,1213.55,cutting,1
468.4,1173.876,cutting,1
468.5,1318.359,cutting,1
468.6,1253.162,cutting,1
468.7,1329.093,cutting,1
468.8,1252.051,cutting,1
468.9,1232.239,cutting,1
469.0,1313.938,cutting,1
469.1,1140.756,cutting,1
469.2,1236.704,cutting,1
469.3,1196.08,cutting,1
469.4,1193.176,cutting,1
469.5,1183.607,cutting,1
469.6,1228.083,cutting,1
469.7,1224.054,cutting,1
469.8,1222.174,cutting,1
469.9,1154.976,cutting,1
470.0,597.412,unload,0
470.1,610.59,unload,0
470.2,614.239,unload,0
470.3,609.642,unload,0
470.4,597.396,unload,0
470.5,594.538,unload,0
470.6,601.861,unload,0
470.7,610.606,unload,0
470.8,594.506,unload,0
470.9,594.657,unload,0
471.0,605.48,unload,0
471.1,593.974,unload,0
471.2,603.177,unload,0
471.3,600.899,unload,0
471.4,581.962,unload,0
471.5,625.425,unload,0
471.6,610.519,unload,0
471.7,582.206,unload,0
471.8,581.327,unload,0
471.9,589.692,unload,0
472.0,587.677,unload,0
472.1,580.727,unload,0
472.2,602.206,unload,0
472.3,592.437,unload,0
472.4,581.262,unload,0
472.5,625.539,unload,0
472.6,591.961,unload,0
472.7,603.85,unload,0
472.8,574.249,unload,0
472.9,578.356,unload,0
473.0,579.992,unload,0
473.1,614.627,unload,0
473.2,610.838,unload,0
473.3,593.756,unload,0
473.4,592.606,unload,0
473.5,603.742,unload,0
473.6,582.52,unload,0
473.7,593.559,unload,0
473.8,614.75,unload,0
473.9,581.932,unload,0
474.0,609.363,unload,0
474.1,596.036,unload,0
474.2,601.121,unload,0
474.3,595.175,unload,0
474.4,612.966,unload,0
474.5,613.281,unload,0
474.6,607.562,unload,0
474.7,568.83,unload,0
474.8,600.008,unload,0
474.9,618.814,unload,0
475.0,579.83,unload,0
475.1,570.536,unload,0
475.2,593.863,unload,0
475.3,612.147,unload,0
475.4,575.154,unload,0
475.5,603.726,unload,0
475.6,592.698,unload,0
475.7,597.073,unload,0
475.8,605.007,unload,0
475.9,594.609,unload,0
476.0,587.68,unload,0
476.1,600.767,unload,0
476.2,625.19,unload,0
476.3,608.49,unload,0
476.4,610.169,unload,0
476.5,581.377,unload,0
476.6,588.698,unload,0
476.7,574.365,unload,0
476.8,614.371,unload,0
476.9,615.76,unload,0
477.0,605.657,unload,0
477.1,611.851,unload,0
477.2,590.586,unload,0
477.3,591.537,unload,0
477.4,619.556,unload,0
477.5,591.02,unload,0
477.6,616.304,unload,0
477.7,627.658,unload,0
477.8,577.747,unload,0
477.9,582.572,unload,0
478.0,628.403,unload,0
478.1,615.89,unload,0
478.2,625.999,unload,0
478.3,628.298,unload,0
478.4,593.154,unload,0
478.5,634.34,unload,0
478.6,623.161,unload,0
478.7,616.857,unload,0
478.8,604.466,unload,0
478.9,592.383,unload,0
479.0,585.117,unload,0
479.1,573.158,unload,0
479.2,583.748,unload,0
479.3,584.988,unload,0
479.4,602.104,unload,0
479.5,586.247,unload,0
479.6,567.338,unload,0
479.7,601.757,unload,0
479.8,562.231,unload,0
479.9,592.571,unload,0
480.0,424.812,idle,0
480.1,407.246,idle,0
480.2,409.802,idle,0
480.3,418.925,idle,0
480.4,429.956,idle,0
480.5,418.354,idle,0
480.6,415.816,idle,0
480.7,421.461,idle,0
480.8,405.489,idle,0
480.9,407.351,idle,0
481.0,424.788,idle,0
481.1,425.695,idle,0
481.2,424.068,idle,0
481.3,420.433,idle,0
481.4,422.941,idle,0
481.5,405.41,idle,0
481.6,410.705,idle,0
481.7,416.225,idle,0
481.8,427.065,idle,0
481.9,420.913,idle,0
482.0,419.637,idle,0
482.1,410.42,idle,0
482.2,420.388,idle,0
482.3,422.446,idle,0
482.4,424.005,idle,0
482.5,418.418,idle,0
482.6,435.72,idle,0
482.7,410.241,idle,0
482.8,426.662,idle,0
482.9,409.332,idle,0
483.0,409.383,idle,0
483.1,425.256,idle,0
483.2,416.392,idle,0
483.3,413.574,idle,0
483.4,419.941,idle,0
483.5,439.988,idle,0
483.6,414.833,idle,0
483.7,417.022,idle,0
483.8,429.525,idle,0
483.9,415.239,idle,0
484.0,438.86,idle,0
484.1,409.528,idle,0
484.2,418.053,idle,0
484.3,427.594,idle,0
484.4,417.948,idle,0
484.5,415.833,idle,0
484.6,408.518,idle,0
484.7,418.712,idle,0
484.8,426.634,idle,0
484.9,417.641,idle,0
485.0,411.84,idle,0
485.1,430.399,idle,0
485.2,426.537,idle,0
485.3,424.375,idle,0
485.4,417.982,idle,0
485.5,412.888,idle,0
485.6,428.86,idle,0
485.7,420.237,idle,0
485.8,416.708,idle,0
485.9,418.25,idle,0
486.0,422.784,idle,0
486.1,426.432,idle,0
486.2,419.513,idle,0
486.3,416.64,idle,0
486.4,410.659,idle,0
486.5,417.45,idle,0
486.6,417.974,idle,0
486.7,422.202,idle,0
486.8,419.478,idle,0
486.9,415.376,idle,0
487.0,418.731,idle,0
487.1,424.597,idle,0
487.2,418.851,idle,0
487.3,418.246,idle,0
487.4,417.655,idle,0
487.5,416.981,idle,0
487.6,422.347,idle,0
487.7,424.53,idle,0
487.8,417.331,idle,0
487.9,418.131,idle,0
488.0,422.732,idle,0
488.1,425.632,idle,0
488.2,430.553,idle,0
488.3,409.088,idle,0
488.4,426.39,idle,0
488.5,415.835,idle,0
488.6,424.598,idle,0
488.7,426.927,idle,0
488.8,434.254,idle,0
488.9,415.699,idle,0
489.0,427.759,idle,0
489.1,400.515,idle,0
489.2,420.126,idle,0
489.3,402.281,idle,0
489.4,414.024,idle,0
489.5,410.79,idle,0
489.6,408.178,idle,0
489.7,419.493,idle,0
489.8,410.965,idle,0
489.9,410.505,idle,0
490.0,409.993,ramp_up,0
490.1,425.205,ramp_up,0
490.2,449.497,ramp_up,0
490.3,450.111,ramp_up,0
490.4,456.368,ramp_up,0
490.5,459.144,ramp_up,0
490.6,498.211,ramp_up,0
490.7,506.745,ramp_up,0
490.8,522.683,ramp_up,0
490.9,519.399,ramp_up,0
491.0,553.623,ramp_up,0
491.1,557.924,ramp_up,0
491.2,590.303,ramp_up,0
491.3,571.048,ramp_up,0
491.4,597.304,ramp_up,0
491.5,618.619,ramp_up,0
491.6,608.635,ramp_up,0
491.7,623.12,ramp_up,0
491.8,629.505,ramp_up,0
491.9,644.191,ramp_up,0
492.0,668.963,ramp_up,0
492.1,673.855,ramp_up,0
492.2,670.987,ramp_up,0
492.3,724.707,ramp_up,0
492.4,699.026,ramp_up,0
492.5,733.265,ramp_up,0
492.6,732.167,ramp_up,0
492.7,751.645,ramp_up,0
492.8,762.433,ramp_up,0
492.9,777.178,ramp_up,0
493.0,789.119,ramp_up,0
493.1,812.112,ramp_up,0
493.2,795.641,ramp_up,0
493.3,800.142,ramp_up,0
493.4,807.982,ramp_up,0
493.5,815.462,ramp_up,0
493.6,857.607,ramp_up,0
493.7,842.913,ramp_up,0
493.8,856.533,ramp_up,0
493.9,890.455,ramp_up,0
494.0,896.157,ramp_up,0
494.1,912.627,ramp_up,0
494.2,891.644,ramp_up,0
494.3,920.276,ramp_up,0
494.4,929.166,ramp_up,0
494.5,959.08,ramp_up,0
494.6,970.863,ramp_up,0
494.7,988.065,ramp_up,0
494.8,1009.869,ramp_up,0
494.9,1048.501,ramp_up,0
495.0,999.875,cutting,0
495.1,1027.45,cutting,0
495.2,1022.611,cutting,0
495.3,980.499,cutting,0
495.4,949.291,cutting,0
495.5,1019.914,cutting,0
495.6,1032.423,cutting,0
495.7,1035.405,cutting,0
495.8,1006.119,cutting,0
495.9,966.583,cutting,0
496.0,1015.529,cutting,0
496.1,1094.873,cutting,0
496.2,1089.256,cutting,0
496.3,1001.889,cutting,0
496.4,1031.544,cutting,0
496.5,1052.789,cutting,0
496.6,1040.659,cutting,0
496.7,953.805,cutting,0
496.8,977.22,cutting,0
496.9,985.585,cutting,0
497.0,959.654,cutting,0
497.1,1072.559,cutting,0
497.2,965.93,cutting,0
497.3,1055.196,cutting,0
497.4,1086.047,cutting,0
497.5,1069.56,cutting,0
497.6,1076.4,cutting,0
497.7,962.972,cutting,0
497.8,1029.47,cutting,0
497.9,1022.863,cutting,0
498.0,1008.381,cutting,0
498.1,942.471,cutting,0
498.2,975.885,cutting,0
498.3,957.947,cutting,0
498.4,1043.782,cutting,0
498.5,985.523,cutting,0
498.6,1018.983,cutting,0
498.7,1031.777,cutting,0
498.8,1041.542,cutting,0
498.9,1113.127,cutting,0
499.0,1103.351,cutting,0
499.1,1058.124,cutting,0
499.2,1020.646,cutting,0
499.3,1001.836,cutting,0
499.4,937.765,cutting,0
499.5,993.781,cutting,0
499.6,996.063,cutting,0
499.7,979.604,cutting,0
499.8,960.263,cutting,0
499.9,1046.049,cutting,0
500.0,1046.522,cutting,0
500.1,1040.197,cutting,0
500.2,1101.684,cutting,0
500.3,1062.554,cutting,0
500.4,1117.749,cutting,0
500.5,1041.856,cutting,0
500.6,1042.153,cutting,0
500.7,1001.387,cutting,0
500.8,1038.781,cutting,0
500.9,977.669,cutting,0
501.0,1000.879,cutting,0
501.1,989.91,cutting,0
501.2,964.521,cutting,0
501.3,1078.257,cutting,0
501.4,1053.888,cutting,0
501.5,1022.782,cutting,0
501.6,1073.734,cutting,0
501.7,1064.942,cutting,0
501.8,1040.098,cutting,0
501.9,1114.829,cutting,0
502.0,1069.998,cutting,0
502.1,1048.295,cutting,0
502.2,1029.938,cutting,0
502.3,1021.677,cutting,0
502.4,1015.573,cutting,0
502.5,994.441,cutting,0
502.6,996.053,cutting,0
502.7,1002.947,cutting,0
502.8,959.81,cutting,0
502.9,1021.331,cutting,0
503.0,1084.201,cutting,0
503.1,1105.242,cutting,0
503.2,1063.056,cutting,0
503.3,1025.959,cutting,0
503.4,1080.284,cutting,0
503.5,1003.936,cutting,0
503.6,980.942,cutting,0
503.7,953.648,cutting,0
503.8,920.378,cutting,0
503.9,1051.688,cutting,0
504.0,989.047,cutting,0
504.1,896.086,cutting,0
504.2,979.393,cutting,0
504.3,963.506,cutting,0
504.4,1067.181,cutting,0
504.5,1025.936,cutting,0
504.6,1028.3,cutting,0
504.7,1076.095,cutting,0
504.8,1102.947,cutting,0
504.9,1007.948,cutting,0
505.0,1017.804,cutting,0
505.1,970.707,cutting,0
505.2,1024.714,cutting,0
505.3,994.091,cutting,0
505.4,989.368,cutting,0
505.5,962.742,cutting,0
505.6,1054.065,cutting,0
505.7,1006.804,cutting,0
505.8,1073.071,cutting,0
505.9,1087.424,cutting,0
506.0,1012.721,cutting,0
506.1,1047.168,cutting,0
506.2,1057.671,cutting,0
506.3,1000.537,cutting,0
506.4,1020.276,cutting,0
506.5,1019.593,cutting,0
506.6,938.05,cutting,0
506.7,976.283,cutting,0
506.8,995.496,cutting,0
506.9,972.519,cutting,0
507.0,978.269,cutting,0
507.1,963.924,cutting,0
507.2,1028.474,cutting,0
507.3,1048.626,cutting,0
507.4,1047.235,cutting,0
507.5,1101.569,cutting,0
507.6,1051.18,cutting,0
507.7,1026.983,cutting,0
507.8,1088.435,cutting,0
507.9,1037.096,cutting,0
508.0,1037.12,cutting,0
508.1,1033.768,cutting,0
508.2,966.708,cutting,0
508.3,953.417,cutting,0
508.4,1053.197,cutting,0
508.5,942.64,cutting,0
508.6,1005.713,cutting,0
508.7,1094.003,cutting,0
508.8,1026.264,cutting,0
508.9,1080.547,cutting,0
509.0,1025.222,cutting,0
509.1,1128.016,cutting,0
509.2,1030.105,cutting,0
509.3,1046.107,cutting,0
509.4,956.804,cutting,0
509.5,1017.345,cutting,0
509.6,1009.679,cutting,0
509.7,970.233,cutting,0
509.8,1016.96,cutting,0
509.9,997.871,cutting,0
510.0,1034.004,cutting,0
510.1,1017.411,cutting,0
510.2,1031.252,cutting,0
510.3,1011.156,cutting,0
510.4,1069.888,cutting,0
510.5,1041.211,cutting,0
510.6,1012.644,cutting,0
510.7,1079.7,cutting,0
510.8,1008.057,cutting,0
510.9,989.777,cutting,0
511.0,961.71,cutting,0
511.1,1017.963,cutting,0
511.2,996.105,cutting,0
511.3,972.698,cutting,0
511.4,1007.26,cutting,0
511.5,1051.35,cutting,0
511.6,1047.926,cutting,0
511.7,1093.466,cutting,0
511.8,1091.002,cutting,0
511.9,1127.478,cutting,0
512.0,1018.164,cutting,0
512.1,1025.4,cutting,0
512.2,1003.239,cutting,0
512.3,989.708,cutting,0
512.4,991.175,cutting,0
512.5,973.222,cutting,0
512.6,1020.078,cutting,0
512.7,955.327,cutting,0
512.8,1013.67,cutting,0
512.9,1048.907,cutting,0
513.0,1075.978,cutting,0
513.1,1050.749,cutting,0
513.2,1066.38,cutting,0
513.3,1055.166,cutting,0
513.4,1061.816,cutting,0
513.5,1025.44,cutting,0
513.6,1041.22,cutting,0
513.7,1048.829,cutting,0
513.8,1063.633,cutting,0
513.9,974.453,cutting,0
514.0,1016.845,cutting,0
514.1,1004.878,cutting,0
514.2,1022.779,cutting,0
514.3,1007.718,cutting,0
514.4,1041.976,cutting,0
514.5,1068.887,cutting,0
514.6,1056.403,cutting,0
514.7,1041.05,cutting,0
514.8,1090.613,cutting,0
514.9,1040.46,cutting,0
515.0,1013.23,cutting,0
515.1,1006.971,cutting,0
515.2,986.747,cutting,0
515.3,961.238,cutting,0
515.4,1004.744,cutting,0
515.5,984.746,cutting,0
515.6,961.096,cutting,0
515.7,1053.748,cutting,0
515.8,1021.796,cutting,0
515.9,996.374,cutting,0
516.0,1051.24,cutting,0
516.1,1030.775,cutting,0
516.2,1056.387,cutting,0
516.3,998.11,cutting,0
516.4,1010.269,cutting,0
516.5,952.628,cutting,0
516.6,948.453,cutting,0
516.7,990.503,cutting,0
516.8,965.224,cutting,0
516.9,1041.594,cutting,0
517.0,973.768,cutting,0
517.1,1018.841,cutting,0
517.2,984.293,cutting,0
517.3,1093.418,cutting,0
517.4,1052.731,cutting,0
517.5,1001.731,cutting,0
517.6,1059.419,cutting,0
517.7,1025.01,cutting,0
517.8,1102.739,cutting,0
517.9,1050.902,cutting,0
518.0,972.109,cutting,0
518.1,1013.732,cutting,0
518.2,1001.531,cutting,0
518.3,975.128,cutting,0
518.4,984.494,cutting,0
518.5,1000.193,cutting,0
518.6,990.654,cutting,0
518.7,1048.644,cutting,0
518.8,1032.289,cutting,0
518.9,1051.418,cutting,0
519.0,1040.845,cutting,0
519.1,1020.525,cutting,0
519.2,1099.599,cutting,0
519.3,1027.942,cutting,0
519.4,1026.373,cutting,0
519.5,1084.865,cutting,0
519.6,984.289,cutting,0
519.7,961.779,cutting,0
519.8,933.997,cutting,0
519.9,955.935,cutting,0
520.0,1041.802,cutting,0
520.1,987.067,cutting,0
520.2,976.235,cutting,0
520.3,1055.267,cutting,0
520.4,1051.677,cutting,0
520.5,1106.625,cutting,0
520.6,986.744,cutting,0
520.7,1057.619,cutting,0
520.8,926.791,cutting,0
520.9,1038.749,cutting,0
521.0,996.504,cutting,0
521.1,952.575,cutting,0
521.2,1033.035,cutting,0
521.3,1007.123,cutting,0
521.4,1036.305,cutting,0
521.5,1032.292,cutting,0
521.6,1083.617,cutting,0
521.7,1075.43,cutting,0
521.8,1022.17,cutting,0
521.9,1020.5,cutting,0
522.0,1011.644,cutting,0
522.1,1053.899,cutting,0
522.2,1032.697,cutting,0
522.3,1007.693,cutting,0
522.4,980.705,cutting,0
522.5,965.195,cutting,0
522.6,1000.555,cutting,0
522.7,1026.645,cutting,0
522.8,1038.328,cutting,0
522.9,1083.225,cutting,0
523.0,1100.631,cutting,0
523.1,1038.415,cutting,0
523.2,1142.966,cutting,0
523.3,1105.068,cutting,0
523.4,1054.878,cutting,0
523.5,1044.132,cutting,0
523.6,1035.201,cutting,0
523.7,983.92,cutting,0
523.8,967.811,cutting,0
523.9,987.492,cutting,0
524.0,974.669,cutting,0
524.1,896.498,cutting,0
524.2,1029.465,cutting,0
524.3,956.951,cutting,0
524.4,1049.054,cutting,0
524.5,1036.744,cutting,0
524.6,1033.049,cutting,0
524.7,1080.777,cutting,0
524.8,1019.176,cutting,0
524.9,1001.919,cutting,0
525.0,1030.685,cutting,0
525.1,1013.132,cutting,0
525.2,969.248,cutting,0
525.3,960.046,cutting,0
525.4,960.598,cutting,0
525.5,1003.44,cutting,0
525.6,1018.495,cutting,0
525.7,1046.358,cutting,0
525.8,1029.391,cutting,0
525.9,1014.516,cutting,0
526.0,1078.346,cutting,0
526.1,1146.095,cutting,0
526.2,1105.588,cutting,0
526.3,1003.677,cutting,0
526.4,1051.097,cutting,0
526.5,1005.236,cutting,0
526.6,992.741,cutting,0
526.7,978.608,cutting,0
526.8,957.019,cutting,0
526.9,937.206,cutting,0
527.0,1015.053,cutting,0
527.1,978.633,cutting,0
527.2,1010.209,cutting,0
527.3,1029.336,cutting,0
527.4,1055.327,cutting,0
527.5,1040.31,cutting,0
527.6,1046.929,cutting,0
527.7,1027.978,cutting,0
527.8,1037.932,cutting,0
527.9,1026.228,cutting,0
528.0,1050.727,cutting,0
528.1,1009.344,cutting,0
528.2,965.798,cutting,0
528.3,1007.541,cutting,0
528.4,1028.455,cutting,0
528.5,990.179,cutting,0
528.6,1005.969,cutting,0
528.7,961.438,cutting,0
528.8,1101.904,cutting,0
528.9,1060.451,cutting,0
529.0,1100.792,cutting,0
529.1,993.328,cutting,0
529.2,952.319,cutting,0
529.3,1029.298,cutting,0
529.4,974.856,cutting,0
529.5,998.372,cutting,0
529.6,959.548,cutting,0
529.7,1015.298,cutting,0
529.8,982.565,cutting,0
529.9,1000.36,cutting,0
530.0,609.093,unload,0
530.1,592.569,unload,0
530.2,593.678,unload,0
530.3,622.707,unload,0
530.4,598.89,unload,0
530.5,604.519,unload,0
530.6,609.466,unload,0
530.7,602.508,unload,0
530.8,609.738,unload,0
530.9,634.538,unload,0
531.0,619.976,unload,0
531.1,575.652,unload,0
531.2,561.444,unload,0
531.3,585.131,unload,0
531.4,558.598,unload,0
531.5,552.535,unload,0
531.6,581.983,unload,0
531.7,583.447,unload,0
531.8,603.715,unload,0
531.9,608.645,unload,0
532.0,639.204,unload,0
532.1,587.853,unload,0
532.2,589.711,unload,0
532.3,604.453,unload,0
532.4,619.957,unload,0
532.5,595.872,unload,0
532.6,584.45,unload,0
532.7,552.653,unload,0
532.8,615.434,unload,0
532.9,596.296,unload,0
533.0,628.133,unload,0
533.1,632.82,unload,0
533.2,634.247,unload,0
533.3,608.633,unload,0
533.4,616.063,unload,0
533.5,576.521,unload,0
533.6,607.996,unload,0
533.7,593.963,unload,0
533.8,618.884,unload,0
533.9,590.718,unload,0
534.0,596.282,unload,0
534.1,585.546,unload,0
534.2,632.827,unload,0
534.3,602.364,unload,0
534.4,582.486,unload,0
534.5,593.306,unload,0
534.6,577.338,unload,0
534.7,621.725,unload,0
534.8,622.178,unload,0
534.9,603.031,unload,0
535.0,605.511,unload,0
535.1,574.432,unload,0
535.2,628.094,unload,0
535.3,599.385,unload,0
535.4,636.776,unload,0
535.5,589.958,unload,0
535.6,608.606,unload,0
535.7,615.827,unload,0
535.8,614.425,unload,0
535.9,598.213,unload,0
536.0,619.519,unload,0
536.1,607.226,unload,0
536.2,600.649,unload,0
536.3,581.74,unload,0
536.4,623.088,unload,0
536.5,600.825,unload,0
536.6,608.78,unload,0
536.7,599.056,unload,0
536.8,606.356,unload,0
536.9,593.641,unload,0
537.0,645.987,unload,0
537.1,632.584,unload,0
537.2,612.296,unload,0
537.3,605.291,unload,0
537.4,612.207,unload,0
537.5,585.025,unload,0
537.6,610.9,unload,0
537.7,598.539,unload,0
537.8,592.7,unload,0
537.9,588.025,unload,0
538.0,588.151,unload,0
538.1,608.729,unload,0
538.2,600.561,unload,0
538.3,586.08,unload,0
538.4,607.551,unload,0
538.5,602.667,unload,0
538.6,598.426,unload,0
538.7,626.021,unload,0
538.8,595.51,unload,0
538.9,576.432,unload,0
539.0,602.813,unload,0
539.1,582.535,unload,0
539.2,614.925,unload,0
539.3,610.274,unload,0
539.4,594.62,unload,0
539.5,609.044,unload,0
539.6,593.022,unload,0
539.7,591.975,unload,0
539.8,568.619,unload,0
539.9,563.114,unload,0
540.0,416.798,idle,0
540.1,433.86,idle,0
540.2,410.627,idle,0
540.3,419.398,idle,0
540.4,414.822,idle,0
540.5,424.067,idle,0
540.6,413.533,idle,0
540.7,419.155,idle,0
540.8,423.145,idle,0
540.9,416.022,idle,0
541.0,418.811,idle,0
541.1,418.323,idle,0
541.2,424.082,idle,0
541.3,424.897,idle,0
541.4,425.853,idle,0
541.5,423.36,idle,0
541.6,412.216,idle,0
541.7,416.763,idle,0
541.8,423.989,idle,0
541.9,420.349,idle,0
542.0,426.735,idle,0
542.1,410.113,idle,0
542.2,413.053,idle,0
542.3,413.419,idle,0
542.4,422.266,idle,0
542.5,415.014,idle,0
542.6,413.006,idle,0
542.7,422.603,idle,0
542.8,416.746,idle,0
542.9,411.542,idle,0
543.0,423.165,idle,0
543.1,419.095,idle,0
543.2,423.713,idle,0
543.3,424.314,idle,0
543.4,415.281,idle,0
543.5,417.644,idle,0
543.6,418.914,idle,0
543.7,425.131,idle,0
543.8,419.606,idle,0
543.9,427.954,idle,0
544.0,415.641,idle,0
544.1,419.888,idle,0
544.2,429.899,idle,0
544.3,409.119,idle,0
544.4,410.165,idle,0
544.5,425.219,idle,0
544.6,425.686,idle,0
544.7,427.437,idle,0
544.8,426.388,idle,0
544.9,427.849,idle,0
545.0,416.075,idle,0
545.1,420.056,idle,0
545.2,424.196,idle,0
545.3,410.62,idle,0
545.4,410.146,idle,0
545.5,415.372,idle,0
545.6,427.474,idle,0
545.7,425.711,idle,0
545.8,409.979,idle,0
545.9,415.547,idle,0
546.0,415.636,idle,0
546.1,420.427,idle,0
546.2,421.373,idle,0
546.3,419.881,idle,0
546.4,412.785,idle,0
546.5,428.224,idle,0
546.6,427.791,idle,0
546.7,411.851,idle,0
546.8,418.541,idle,0
546.9,427.995,idle,0
547.0,422.527,idle,0
547.1,423.436,idle,0
547.2,416.484,idle,0
547.3,430.736,idle,0
547.4,411.589,idle,0
547.5,426.883,idle,0
547.6,433.361,idle,0
547.7,414.15,idle,0
547.8,430.108,idle,0
547.9,426.264,idle,0
548.0,415.036,idle,0
548.1,421.131,idle,0
548.2,430.733,idle,0
548.3,416.553,idle,0
548.4,416.544,idle,0
548.5,398.131,idle,0
548.6,407.269,idle,0
548.7,417.005,idle,0
548.8,418.912,idle,0
548.9,424.436,idle,0
549.0,426.594,idle,0
549.1,434.899,idle,0
549.2,425.306,idle,0
549.3,442.254,idle,0
549.4,425.793,idle,0
549.5,430.317,idle,0
549.6,413.892,idle,0
549.7,423.502,idle,0
549.8,427.4,idle,0
549.9,427.344,idle,0
550.0,414.995,ramp_up,0
550.1,431.622,ramp_up,0
550.2,429.716,ramp_up,0
550.3,459.989,ramp_up,0
550.4,456.085,ramp_up,0
550.5,491.225,ramp_up,0
550.6,495.013,ramp_up,0
550.7,512.268,ramp_up,0
550.8,522.919,ramp_up,0
550.9,533.275,ramp_up,0
551.0,549.477,ramp_up,0
551.1,552.966,ramp_up,0
551.2,545.589,ramp_up,0
551.3,590.719,ramp_up,0
551.4,579.7,ramp_up,0
551.5,610.653,ramp_up,0
551.6,618.374,ramp_up,0
551.7,628.506,ramp_up,0
551.8,637.982,ramp_up,0
551.9,651.332,ramp_up,0
552.0,662.451,ramp_up,0
552.1,672.377,ramp_up,0
552.2,682.722,ramp_up,0
552.3,699.533,ramp_up,0
552.4,715.046,ramp_up,0
552.5,715.197,ramp_up,0
552.6,734.873,ramp_up,0
552.7,728.752,ramp_up,0
552.8,746.734,ramp_up,0
552.9,748.307,ramp_up,0
553.0,777.016,ramp_up,0
553.1,796.385,ramp_up,0
553.2,812.032,ramp_up,0
553.3,800.631,ramp_up,0
553.4,837.373,ramp_up,0
553.5,828.306,ramp_up,0
553.6,847.371,ramp_up,0
553.7,858.3,ramp_up,0
553.8,893.981,ramp_up,0
553.9,890.014,ramp_up,0
554.0,923.932,ramp_up,0
554.1,923.3,ramp_up,0
554.2,921.157,ramp_up,0
554.3,940.66,ramp_up,0
554.4,963.558,ramp_up,0
554.5,950.22,ramp_up,0
554.6,966.596,ramp_up,0
554.7,983.698,ramp_up,0
554.8,992.466,ramp_up,0
554.9,1005.153,ramp_up,0
555.0,1076.918,cutting,0
555.1,1010.516,cutting,0
555.2,982.898,cutting,0
555.3,973.536,cutting,0
555.4,941.19,cutting,0
555.5,1018.834,cutting,0
555.6,982.714,cutting,0
555.7,1136.465,cutting,0
555.8,1048.524,cutting,0
555.9,1026.617,cutting,0
556.0,1013.332,cutting,0
556.1,1039.47,cutting,0
556.2,1063.213,cutting,0
556.3,1019.545,cutting,0
556.4,1045.687,cutting,0
556.5,1032.452,cutting,0
556.6,1014.998,cutting,0
556.7,1004.818,cutting,0
556.8,985.834,cutting,0
556.9,967.785,cutting,0
557.0,958.644,cutting,0
557.1,960.11,cutting,0
557.2,1014.003,cutting,0
557.3,1064.831,cutting,0
557.4,1051.587,cutting,0
557.5,1020.717,cutting,0
557.6,1082.016,cutting,0
557.7,1010.131,cutting,0
557.8,990.067,cutting,0
557.9,980.882,cutting,0
558.0,977.398,cutting,0
558.1,986.539,cutting,0
558.2,943.86,cutting,0
558.3,933.837,cutting,0
558.4,1010.255,cutting,0
558.5,1017.61,cutting,0
558.6,1039.881,cutting,0
558.7,1063.505,cutting,0
558.8,1051.059,cutting,0
558.9,1113.405,cutting,0
559.0,1046.266,cutting,0
559.1,1043.38,cutting,0
559.2,1075.857,cutting,0
559.3,1030.663,cutting,0
559.4,997.694,cutting,0
559.5,991.064,cutting,0
559.6,946.538,cutting,0
559.7,1007.909,cutting,0
559.8,985.602,cutting,0
559.9,1019.497,cutting,0
560.0,1063.707,cutting,0
560.1,1060.351,cutting,0
560.2,1055.524,cutting,0
560.3,1066.588,cutting,0
560.4,1058.621,cutting,0
560.5,1103.991,cutting,0
560.6,974.084,cutting,0
560.7,1007.123,cutting,0
560.8,980.098,cutting,0
560.9,1008.3,cutting,0
561.0,980.528,cutting,0
561.1,988.509,cutting,0
561.2,1054.037,cutting,0
561.3,1010.4,cutting,0
561.4,1043.934,cutting,0
561.5,1017.617,cutting,0
561.6,1021.588,cutting,0
561.7,1019.233,cutting,0
561.8,1102.238,cutting,0
561.9,1014.422,cutting,0
562.0,1025.211,cutting,0
562.1,1102.722,cutting,0
562.2,1024.198,cutting,0
562.3,999.303,cutting,0
562.4,981.12,cutting,0
562.5,947.405,cutting,0
562.6,1001.106,cutting,0
562.7,1031.748,cutting,0
562.8,982.199,cutting,0
562.9,1010.862,cutting,0
563.0,1095.502,cutting,0
563.1,1038.831,cutting,0
563.2,1079.987,cutting,0
563.3,1128.221,cutting,0
563.4,1015.968,cutting,0
563.5,1028.532,cutting,0
563.6,986.088,cutting,0
563.7,927.755,cutting,0
563.8,1034.155,cutting,0
563.9,1005.577,cutting,0
564.0,977.705,cutting,0
564.1,1009.842,cutting,0
564.2,987.994,cutting,0
564.3,974.931,cutting,0
564.4,1016.158,cutting,0
564.5,1023.642,cutting,0
564.6,1021.612,cutting,0
564.7,1089.355,cutting,0
564.8,1018.933,cutting,0
564.9,998.766,cutting,0
565.0,1026.064,cutting,0
565.1,1020.427,cutting,0
565.2,1048.042,cutting,0
565.3,995.144,cutting,0
565.4,940.087,cutting,0
565.5,961.922,cutting,0
565.6,1034.56,cutting,0
565.7,995.864,cutting,0
565.8,1048.55,cutting,0
565.9,1107.357,cutting,0
566.0,1004.462,cutting,0
566.1,1004.649,cutting,0
566.2,1042.606,cutting,0
566.3,1037.571,cutting,0
566.4,1053.589,cutting,0
566.5,955.466,cutting,0
566.6,1015.829,cutting,0
566.7,979.009,cutting,0
566.8,928.477,cutting,0
566.9,980.754,cutting,0
567.0,1015.184,cutting,0
567.1,1072.769,cutting,0
567.2,1007.357,cutting,0
567.3,1065.487,cutting,0
567.4,1007.138,cutting,0
567.5,1090.153,cutting,0
567.6,1054.437,cutting,0
567.7,1094.461,cutting,0
567.8,983.565,cutting,0
567.9,975.074,cutting,0
568.0,942.386,cutting,0
568.1,1048.33,cutting,0
568.2,969.247,cutting,0
568.3,926.323,cutting,0
568.4,970.802,cutting,0
568.5,1036.932,cutting,0
568.6,1045.397,cutting,0
568.7,1052.776,cutting,0
568.8,1004.677,cutting,0
568.9,1048.447,cutting,0
569.0,986.543,cutting,0
569.1,994.571,cutting,0
569.2,1052.334,cutting,0
569.3,1047.155,cutting,0
569.4,994.861,cutting,0
569.5,930.236,cutting,0
569.6,952.913,cutting,0
569.7,972.713,cutting,0
569.8,1045.869,cutting,0
569.9,982.978,cutting,0
570.0,970.369,cutting,0
570.1,994.574,cutting,0
570.2,1017.391,cutting,0
570.3,1035.049,cutting,0
570.4,1045.162,cutting,0
570.5,1114.706,cutting,0
570.6,1016.516,cutting,0
570.7,949.589,cutting,0
570.8,1040.827,cutting,0
570.9,967.634,cutting,0
571.0,960.208,cutting,0
571.1,965.335,cutting,0
571.2,1000.215,cutting,0
571.3,1004.898,cutting,0
571.4,1030.511,cutting,0
571.5,1018.583,cutting,0
571.6,1045.132,cutting,0
571.7,1015.138,cutting,0
571.8,1018.157,cutting,0
571.9,1029.196,cutting,0
572.0,1024.382,cutting,0
572.1,967.904,cutting,0
572.2,969.427,cutting,0
572.3,1038.366,cutting,0
572.4,1026.641,cutting,0
572.5,1038.79,cutting,0
572.6,1026.187,cutting,0
572.7,1026.722,cutting,0
572.8,1068.699,cutting,0
572.9,1047.435,cutting,0
573.0,1028.655,cutting,0
573.1,1040.02,cutting,0
573.2,1065.196,cutting,0
573.3,1066.256,cutting,0
573.4,1038.445,cutting,0
573.5,1018.821,cutting,0
573.6,1013.531,cutting,0
573.7,973.78,cutting,0
573.8,1065.775,cutting,0
573.9,1002.33,cutting,0
574.0,918.812,cutting,0
574.1,1023.805,cutting,0
574.2,979.004,cutting,0
574.3,1014.415,cutting,0
574.4,1037.005,cutting,0
574.5,1078.374,cutting,0
574.6,1053.002,cutting,0
574.7,1063.507,cutting,0
574.8,1042.502,cutting,0
574.9,1113.525,cutting,0
575.0,1018.61,cutting,0
575.1,975.028,cutting,0
575.2,948.929,cutting,0
575.3,986.621,cutting,0
575.4,970.498,cutting,0
575.5,997.86,cutting,0
575.6,1018.084,cutting,0
575.7,978.699,cutting,0
575.8,1035.394,cutting,0
575.9,1021.098,cutting,0
576.0,1029.7,cutting,0
576.1,1022.697,cutting,0
576.2,1041.454,cutting,0
576.3,1014.685,cutting,0
576.4,1000.715,cutting,0
576.5,997.194,cutting,0
576.6,952.107,cutting,0
576.7,1032.16,cutting,0
576.8,1006.525,cutting,0
576.9,976.523,cutting,0
577.0,1009.6,cutting,0
577.1,981.693,cutting,0
577.2,1032.12,cutting,0
577.3,990.699,cutting,0
577.4,1049.469,cutting,0
577.5,1058.945,cutting,0
577.6,1039.174,cutting,0
577.7,1066.98,cutting,0
577.8,1001.296,cutting,0
577.9,1017.633,cutting,0
578.0,1018.131,cutting,0
578.1,1007.007,cutting,0
578.2,984.202,cutting,0
578.3,1043.475,cutting,0
578.4,1022.657,cutting,0
578.5,1031.142,cutting,0
578.6,999.917,cutting,0
578.7,1041.283,cutting,0
578.8,1031.38,cutting,0
578.9,1123.775,cutting,0
579.0,1065.93,cutting,0
579.1,1019.838,cutting,0
579.2,1061.858,cutting,0
579.3,1055.007,cutting,0
579.4,983.744,cutting,0
579.5,997.529,cutting,0
579.6,1069.851,cutting,0
579.7,987.523,cutting,0
579.8,1004.999,cutting,0
579.9,1110.664,cutting,0
580.0,1019.749,cutting,0
580.1,994.946,cutting,0
580.2,1014.972,cutting,0
580.3,1058.582,cutting,0
580.4,1080.639,cutting,0
580.5,1018.713,cutting,0
580.6,967.908,cutting,0
580.7,1041.407,cutting,0
580.8,999.842,cutting,0
580.9,977.452,cutting,0
581.0,956.529,cutting,0
581.1,1022.959,cutting,0
581.2,984.631,cutting,0
581.3,956.586,cutting,0
581.4,981.598,cutting,0
581.5,1015.257,cutting,0
581.6,994.35,cutting,0
581.7,1034.694,cutting,0
581.8,1093.529,cutting,0
581.9,1079.198,cutting,0
582.0,1074.206,cutting,0
582.1,1059.573,cutting,0
582.2,1016.254,cutting,0
582.3,1010.1,cutting,0
582.4,929.32,cutting,0
582.5,1010.365,cutting,0
582.6,1009.41,cutting,0
582.7,1005.508,cutting,0
582.8,1018.816,cutting,0
582.9,989.817,cutting,0
583.0,1024.353,cutting,0
583.1,997.128,cutting,0
583.2,1038.395,cutting,0
583.3,1043.655,cutting,0
583.4,1021.862,cutting,0
583.5,1069.915,cutting,0
583.6,987.127,cutting,0
583.7,1012.26,cutting,0
583.8,997.159,cutting,0
583.9,979.103,cutting,0
584.0,1005.445,cutting,0
584.1,1007.562,cutting,0
584.2,994.101,cutting,0
584.3,1066.523,cutting,0
584.4,1031.953,cutting,0
584.5,1069.253,cutting,0
584.6,1019.275,cutting,0
584.7,1022.86,cutting,0
584.8,1052.706,cutting,0
584.9,1113.028,cutting,0
585.0,977.181,cutting,0
585.1,964.761,cutting,0
585.2,967.054,cutting,0
585.3,971.224,cutting,0
585.4,987.819,cutting,0
585.5,1026.856,cutting,0
585.6,997.473,cutting,0
585.7,1037.886,cutting,0
585.8,1033.774,cutting,0
585.9,1026.277,cutting,0
586.0,1037.038,cutting,0
586.1,1071.463,cutting,0
586.2,1055.903,cutting,0
586.3,1083.865,cutting,0
586.4,1031.397,cutting,0
586.5,1005.509,cutting,0
586.6,957.815,cutting,0
586.7,962.061,cutting,0
586.8,997.908,cutting,0
586.9,1000.482,cutting,0
587.0,1055.795,cutting,0
587.1,993.012,cutting,0
587.2,1051.218,cutting,0
587.3,1040.49,cutting,0
587.4,982.395,cutting,0
587.5,1016.697,cutting,0
587.6,1061.12,cutting,0
587.7,1031.002,cutting,0
587.8,1007.017,cutting,0
587.9,1051.589,cutting,0
588.0,992.819,cutting,0
588.1,999.923,cutting,0
588.2,1011.764,cutting,0
588.3,972.923,cutting,0
588.4,1018.834,cutting,0
588.5,976.462,cutting,0
588.6,981.784,cutting,0
588.7,1077.177,cutting,0
588.8,1094.446,cutting,0
588.9,1080.259,cutting,0
589.0,1028.64,cutting,0
589.1,1034.863,cutting,0
589.2,1002.175,cutting,0
589.3,987.009,cutting,0
589.4,1008.422,cutting,0
589.5,976.547,cutting,0
589.6,1025.39,cutting,0
589.7,934.063,cutting,0
589.8,976.15,cutting,0
589.9,964.609,cutting,0
590.0,577.644,unload,0
590.1,632.806,unload,0
590.2,627.572,unload,0
590.3,607.535,unload,0
590.4,609.409,unload,0
590.5,610.709,unload,0
590.6,600.888,unload,0
590.7,545.885,unload,0
590.8,560.874,unload,0
590.9,610.009,unload,0
591.0,555.331,unload,0
591.1,624.52,unload,0
591.2,614.249,unload,0
591.3,605.315,unload,0
591.4,606.389,unload,0
591.5,612.121,unload,0
591.6,589.322,unload,0
591.7,631.973,unload,0
591.8,595.269,unload,0
591.9,583.717,unload,0
592.0,632.163,unload,0
592.1,602.24,unload,0
592.2,605.632,unload,0
592.3,620.789,unload,0
592.4,638.293,unload,0
592.5,599.196,unload,0
592.6,601.677,unload,0
592.7,575.399,unload,0
592.8,600.33,unload,0
592.9,629.178,unload,0
593.0,586.354,unload,0
593.1,583.85,unload,0
593.2,570.001,unload,0
593.3,577.256,unload,0
593.4,576.603,unload,0
593.5,600.029,unload,0
593.6,604.816,unload,0
593.7,564.271,unload,0
593.8,607.323,unload,0
593.9,622.617,unload,0
594.0,614.746,unload,0
594.1,586.499,unload,0
594.2,614.306,unload,0
594.3,590.853,unload,0
594.4,580.169,unload,0
594.5,575.008,unload,0
594.6,573.579,unload,0
594.7,593.88,unload,0
594.8,610.364,unload,0
594.9,568.078,unload,0
595.0,564.283,unload,0
595.1,620.414,unload,0
595.2,582.998,unload,0
595.3,638.964,unload,0
595.4,606.655,unload,0
595.5,574.612,unload,0
595.6,616.204,unload,0
595.7,617.815,unload,0
595.8,569.603,unload,0
595.9,595.241,unload,0
596.0,623.989,unload,0
596.1,572.779,unload,0
596.2,607.313,unload,0
596.3,605.722,unload,0
596.4,634.204,unload,0
596.5,623.003,unload,0
596.6,592.716,unload,0
596.7,574.437,unload,0
596.8,593.563,unload,0
596.9,601.418,unload,0
597.0,599.315,unload,0
597.1,591.992,unload,0
597.2,582.88,unload,0
597.3,622.182,unload,0
597.4,592.921,unload,0
597.5,586.524,unload,0
597.6,603.48,unload,0
597.7,602.192,unload,0
597.8,599.436,unload,0
597.9,620.971,unload,0
598.0,581.78,unload,0
598.1,604.432,unload,0
598.2,617.776,unload,0
598.3,591.691,unload,0
598.4,602.395,unload,0
598.5,611.377,unload,0
598.6,609.113,unload,0
598.7,600.173,unload,0
598.8,578.018,unload,0
598.9,583.95,unload,0
599.0,600.206,unload,0
599.1,594.661,unload,0
599.2,594.495,unload,0
599.3,590.509,unload,0
599.4,569.233,unload,0
599.5,610.763,unload,0
599.6,581.297,unload,0
599.7,627.818,unload,0
599.8,649.203,unload,0
599.9,613.991,unload,0
